customer_id,customer_name,total_orders,total_spent,customer_spend
1503,"Yuvaan Ramanathan",8,5302172,VIP
1194,"Jivin Halder",9,5233526,VIP
1227,"Jivika Singhal",9,4387668,VIP
1052,"Rasha Chahal",8,4312498,VIP
509,"Lavanya Jayaraman",6,4274080,VIP
49,"Armaan Mane",8,4182556,VIP
1101,"Jayan Chander",6,4163480,VIP
1094,"Tiya Sinha",9,4100954,VIP
1830,"Hridaan Ramachandran",8,4100136,VIP
1816,"Abram Choudhury",7,4052024,VIP
1664,"Anahita Salvi",7,4012124,VIP
1222,"Rohan Korpal",7,3988112,VIP
797,"Raghav Mann",7,3973450,VIP
697,"Chirag Kanda",11,3924254,VIP
29,"Ivana Som",10,3888208,VIP
139,"Mehul Brahmbhatt",10,3879888,VIP
1178,"Hunar Gandhi",5,3878466,VIP
1514,"Kiara Seshadri",8,3850290,VIP
1237,"Ivana Ramesh",7,3832920,VIP
908,"Samar Buch",7,3832748,VIP
1731,"Lakshay Hora",7,3779818,VIP
928,"Amira Shenoy",9,3778830,VIP
1505,"Anay Sur",5,3777654,VIP
1109,"Madhup Dugar",6,3762538,VIP
1563,"Tushar Sinha",6,3702432,VIP
565,"Anahi Rana",8,3694908,VIP
1234,"Yashvi Boase",7,3692968,VIP
883,"Ojas Tara",6,3675142,VIP
1057,"Arhaan Goel",7,3660500,VIP
947,"Siya Mangat",6,3622894,VIP
535,"Amani Datta",9,3598728,VIP
1832,"Kartik Cheema",8,3589256,VIP
1405,"Ishita Gandhi",10,3550838,VIP
205,"Zaina Vyas",9,3535358,VIP
1622,"Vardaniya Johal",5,3510822,VIP
1769,"Stuvan Sawhney",7,3506704,VIP
1532,"Veer Khalsa",8,3498562,VIP
910,"Kimaya Raja",7,3471910,VIP
1047,"Biju Shankar",7,3464670,VIP
1552,"Jivin Soman",8,3457014,VIP
1777,"Jayesh Soman",8,3428324,VIP
878,"Vedika Sanghvi",9,3417680,VIP
1414,"Trisha Bhatti",8,3398782,VIP
996,"Navya Bajaj",8,3375728,VIP
356,"Zeeshan Gola",8,3357148,VIP
162,"Amira Mangal",8,3354234,VIP
1289,"Pari Kurian",9,3353014,VIP
936,"Nehmat Ben",7,3346006,VIP
1928,"Madhav Dube",8,3335120,VIP
1683,"Onkar Dugar",7,3333168,VIP
389,"Baiju Boase",5,3324964,VIP
1144,"Divij Sani",3,3317010,VIP
1826,"Sara Lalla",6,3309730,VIP
914,"Umang Vohra",6,3291566,VIP
1779,"Sumer Dhillon",8,3288108,VIP
1761,"Jayan Bhagat",7,3273850,VIP
1724,"Ahana  Sethi",5,3269686,VIP
1423,"Hiran Goyal",7,3257300,VIP
1413,"Uthkarsh Chaudry",5,3253788,VIP
51,"Nitya Bal",9,3247792,VIP
115,"Nehmat Dhingra",8,3242852,VIP
1613,"Farhan Shetty",9,3233980,VIP
1706,"Shaan Khanna",7,3228698,VIP
1663,"Drishya Amble",5,3214502,VIP
154,"Anaya Shenoy",8,3204944,VIP
122,"Shray Desai",8,3189512,VIP
1127,"Anahita Wason",6,3174868,VIP
289,"Drishya Tank",8,3153552,VIP
112,"Purab Doshi",6,3152184,VIP
1132,"Lagan Shankar",6,3151802,VIP
1009,"Raunak Sibal",7,3145004,VIP
834,"Advika Yogi",7,3144432,VIP
159,"Ehsaan Bhalla",6,3139968,VIP
151,"Nirvaan Garg",7,3124094,VIP
519,"Dhanuk Bhakta",7,3123152,VIP
804,"Neysa Swamy",10,3121846,VIP
1797,"Tiya Bumb",7,3120126,VIP
496,"Yasmin Saraf",6,3117062,VIP
874,"Ojas Viswanathan",6,3115506,VIP
656,"Ahana  Iyengar",7,3114532,VIP
943,"Advik Butala",7,3111488,VIP
840,"Himmat Sem",7,3095862,VIP
268,"Hrishita Rattan",8,3094364,VIP
757,"Dharmajan Dâ€™Alia",8,3093420,VIP
1049,"Mahika Bora",8,3090072,VIP
805,"Navya Saha",5,3079186,VIP
1085,"Shray Batra",8,3071564,VIP
271,"Abram Sahni",6,3067832,VIP
689,"Kashvi Chowdhury",6,3064552,VIP
91,"Emir Dhaliwal",6,3058750,VIP
1930,"Anahi Sarin",6,3057046,VIP
627,"Mishti Savant",6,3055814,VIP
1868,"Siya Gaba",6,3055624,VIP
766,"Kartik Chatterjee",6,3052440,VIP
984,"Riaan Ramanathan",9,3041100,VIP
406,"Ojas Subramanian",5,3031590,VIP
1892,"Prisha Vyas",5,3024280,VIP
202,"Ritvik Bath",5,3011738,VIP
814,"Ranbir Deshmukh",5,3008366,VIP
504,"Azad Bora",8,3005900,VIP
1612,"Zara Batta",7,3002526,VIP
1163,"Pihu Sarma",6,2990632,Regular
1743,"Ishaan Gola",7,2976056,Regular
1775,"Ishaan Shah",5,2953866,Regular
1392,"Samiha Butala",7,2943724,Regular
1736,"Nitya Suresh",6,2926974,Regular
1008,"Dhanush Lata",6,2925210,Regular
1675,"Seher Yadav",5,2924298,Regular
1670,"Ivana Saha",6,2922640,Regular
363,"Adah Vora",7,2915166,Regular
1722,"Ira Madan",8,2903142,Regular
1926,"Neelofar Chaudhary",6,2899374,Regular
1531,"Darshit Bera",4,2898800,Regular
106,"Shanaya Kale",4,2895832,Regular
932,"Neelofar Sharma",7,2893366,Regular
1974,"Nehmat Ray",7,2884348,Regular
706,"Gokul Iyer",6,2865694,Regular
964,"Tara Dhingra",4,2852758,Regular
1446,"Vardaniya Karnik",7,2844688,Regular
1384,"Misha Chander",5,2832588,Regular
1483,"Mohanlal Rattan",7,2828146,Regular
1363,"Riaan Varughese",6,2827946,Regular
118,"Jayant Buch",5,2825302,Regular
340,"Aarav Biswas",7,2821870,Regular
215,"Azad Sule",3,2820426,Regular
1450,"Jivin Divan",6,2808710,Regular
425,"Aradhya Rau",7,2800702,Regular
359,"Miraan Wason",5,2789308,Regular
915,"Faiyaz Goda",9,2789128,Regular
1197,"Akarsh Rajan",5,2788834,Regular
661,"Azad Bassi",8,2786882,Regular
866,"Fateh Dalal",6,2786390,Regular
1342,"Dhruv Sangha",4,2784508,Regular
1023,"Diya Raman",6,2780730,Regular
43,"Farhan Vala",4,2777704,Regular
1539,"Uthkarsh Borde",5,2763520,Regular
1250,"Arhaan Bail",7,2757090,Regular
942,"Azad Kala",7,2754846,Regular
1853,"Gatik Ghose",5,2750502,Regular
540,"Akarsh Dar",7,2746334,Regular
677,"Yuvraj  Manda",7,2745066,Regular
592,"Yuvraj  Bajaj",9,2738356,Regular
1293,"Sumer Lata",6,2735990,Regular
686,"Navya Rajagopalan",6,2727262,Regular
62,"Chirag Bakshi",4,2716502,Regular
1340,"Samar Barman",3,2709000,Regular
68,"Advika Ramaswamy",7,2704574,Regular
1689,"Shamik Uppal",7,2700772,Regular
583,"Ivana Issac",5,2692562,Regular
1740,"Yasmin Warrior",6,2692378,Regular
1312,"Samaira Thaman",6,2688832,Regular
563,"Ehsaan Saxena",4,2688464,Regular
853,"Elakshi Bali",6,2679890,Regular
1804,"Raunak Bajaj",7,2678082,Regular
274,"Gokul Hans",4,2676408,Regular
716,"Reyansh Sampath",5,2671708,Regular
913,"Dhruv Butala",4,2668328,Regular
191,"Arhaan Ganguly",7,2667652,Regular
211,"Vanya Kannan",7,2659308,Regular
1176,"Saira Yogi",10,2655630,Regular
525,"Hansh Khurana",5,2636806,Regular
506,"Hazel Dalal",8,2635880,Regular
296,"Mahika Agate",5,2635622,Regular
467,"Raunak Viswanathan",9,2633446,Regular
1939,"Abram Cheema",4,2629930,Regular
733,"Anahita Sura",5,2628232,Regular
1017,"Biju Gaba",8,2625874,Regular
1126,"Riya Kothari",5,2623096,Regular
1195,"Ivan Walia",5,2622646,Regular
905,"Samaira Devan",6,2619956,Regular
277,"Inaaya  Shere",4,2619642,Regular
138,"Mohanlal Yogi",8,2604820,Regular
1074,"Mehul Dutta",3,2598762,Regular
851,"Ranbir Sur",5,2595056,Regular
1116,"Sumer Kata",6,2591374,Regular
973,"Vidur Sharaf",5,2591318,Regular
675,"Anahita Desai",5,2590174,Regular
570,"Ojas Kala",5,2589808,Regular
1896,"Shaan Kalita",5,2579916,Regular
93,"Samarth Kurian",8,2579412,Regular
1661,"Ojas Setty",7,2574064,Regular
477,"Hazel Sahota",7,2570264,Regular
1651,"Rohan Varughese",5,2566330,Regular
364,"Madhup Sharaf",6,2564928,Regular
177,"Miraan Toor",5,2563996,Regular
1824,"Anahita Sathe",5,2555706,Regular
1990,"Kaira Kapur",5,2553502,Regular
1741,"Nirvaan Jhaveri",6,2553040,Regular
1915,"Reyansh Johal",6,2552352,Regular
188,"Nitara Sharma",7,2548086,Regular
1435,"Stuvan Shere",5,2546134,Regular
736,"Reyansh Issac",4,2543468,Regular
1456,"Anahita Loyal",5,2541704,Regular
1567,"Lavanya Manda",4,2537922,Regular
672,"Divij Amble",5,2532254,Regular
1386,"Eshani Sridhar",5,2529726,Regular
1313,"Arnav Acharya",5,2527150,Regular
976,"Hansh Sibal",6,2523846,Regular
1155,"Farhan Keer",7,2523510,Regular
916,"Rhea Savant",5,2521446,Regular
1003,"Navya Mangal",5,2521412,Regular
354,"Aradhya Gola",4,2520172,Regular
190,"Anaya Mand",4,2518964,Regular
194,"Shamik Date",4,2518068,Regular
86,"Misha Thaker",6,2509206,Regular
1148,"Dhanush Ganguly",6,2503048,Regular
1554,"Raghav Shan",5,2501754,Regular
590,"Kaira Sampath",6,2500122,Regular
645,"Ira Raj",4,2499092,Regular
493,"Kismat Tripathi",6,2498574,Regular
1970,"Aaina Amble",4,2496936,Regular
1238,"Eshani Deshmukh",3,2480130,Regular
1481,"Nirvaan Sridhar",3,2478044,Regular
863,"Mahika Bal",4,2477102,Regular
574,"Vardaniya Seth",4,2474768,Regular
584,"Ira Lalla",4,2459344,Regular
1952,"Inaaya  Ghose",6,2458994,Regular
325,"Veer Bhatti",4,2449980,Regular
1925,"Vanya Ben",5,2436840,Regular
348,"Kanav Dhar",7,2433618,Regular
1142,"Madhav Saha",8,2432564,Regular
1789,"Mannat Savant",5,2432536,Regular
778,"Himmat Agate",6,2415428,Regular
1145,"Samar Reddy",5,2413762,Regular
515,"Hiran Divan",4,2413736,Regular
280,"Ishita Buch",5,2411938,Regular
810,"Ehsaan Kumer",5,2411260,Regular
1659,"Ivana Din",6,2410608,Regular
1584,"Kiaan Chokshi",8,2399544,Regular
795,"Ishaan Chana",7,2398044,Regular
1921,"Yuvaan Sandal",7,2394104,Regular
765,"Bhavin Kaul",8,2392294,Regular
1672,"Prerak Shere",8,2385766,Regular
1764,"Nitya Thakur",4,2384328,Regular
7,"Advika Gulati",3,2384152,Regular
1634,"Hansh Sehgal",3,2379506,Regular
1507,"Neysa Raman",6,2374692,Regular
1327,"Umang Ramanathan",8,2372212,Regular
390,"Umang Sharaf",4,2372084,Regular
447,"Yuvaan Rama",6,2371770,Regular
195,"Shaan Saha",4,2365340,Regular
882,"Kanav Chada",4,2359762,Regular
497,"Dhruv Tella",5,2356982,Regular
260,"Ira Ahluwalia",6,2356106,Regular
386,"Riaan Sharaf",5,2352390,Regular
220,"Stuvan Keer",7,2350428,Regular
775,"Chirag Rama",6,2349562,Regular
1676,"Kismat Grewal",4,2347132,Regular
1311,"Tushar Jain",4,2347074,Regular
1938,"Zain Dara",8,2346844,Regular
137,"Zaina Dubey",4,2344734,Regular
1590,"Kaira Khatri",5,2341848,Regular
1879,"Akarsh Chaudhry",6,2339374,Regular
1067,"Aradhya Sengupta",7,2338676,Regular
972,"Pranay Keer",5,2337864,Regular
655,"Madhup Kashyap",8,2332508,Regular
1314,"Lavanya Sagar",5,2321696,Regular
1086,"Oorja Din",4,2319250,Regular
1154,"Samaira Tandon",6,2316206,Regular
1220,"Divij Rastogi",4,2313958,Regular
324,"Dharmajan Barad",3,2313878,Regular
1070,"Eva Deol",5,2304802,Regular
1923,"Farhan Swamy",7,2299870,Regular
1000,"Ela Dass",4,2297092,Regular
588,"Hridaan Thakur",5,2296572,Regular
208,"Jayant Trivedi",4,2294848,Regular
132,"Farhan Kapadia",5,2293766,Regular
1982,"Umang Reddy",5,2283724,Regular
54,"Dishani Dhingra",4,2281254,Regular
1524,"Mamooty Hegde",4,2278830,Regular
285,"Adah Chokshi",5,2275558,Regular
1323,"Ehsaan Toor",5,2275368,Regular
1440,"Siya Sahni",4,2273552,Regular
1347,"Dharmajan Bhatnagar",5,2269810,Regular
83,"Renee Bora",5,2266888,Regular
1600,"Ishaan Keer",3,2264840,Regular
61,"Zara Sarin",5,2264180,Regular
572,"Tarini Dâ€™Alia",4,2263926,Regular
1582,"Tejas Sankaran",7,2262208,Regular
1372,"Mamooty Kohli",5,2262022,Regular
50,"Yashvi Date",6,2259756,Regular
1583,"Indranil Bhatnagar",6,2254574,Regular
67,"Prisha Bail",6,2253268,Regular
1729,"Kabir Khalsa",6,2251634,Regular
1199,"Drishya Chada",4,2249016,Regular
107,"Anahi Choudhary",4,2248096,Regular
903,"Rasha Chaudry",5,2243590,Regular
1387,"Rasha Sethi",5,2243198,Regular
372,"Parinaaz Ben",5,2241314,Regular
824,"Ishaan Borah",7,2240280,Regular
893,"Ritvik Seshadri",7,2237442,Regular
533,"Siya Acharya",5,2234498,Regular
949,"Heer Sunder",6,2229690,Regular
1002,"Hansh Venkataraman",4,2229656,Regular
1004,"Abram Walia",6,2228080,Regular
484,"Samiha Ravi",6,2227360,Regular
227,"Tarini Gokhale",6,2223742,Regular
614,"Nishith Dada",5,2222422,Regular
1950,"Yakshit Kadakia",4,2217758,Regular
483,"Kimaya Bhavsar",6,2216606,Regular
40,"Uthkarsh Aurora",4,2212050,Regular
490,"Sana Andra",7,2210468,Regular
295,"Lakshit Sankar",6,2206984,Regular
1135,"Aradhya Chand",5,2197574,Regular
1513,"Umang Yadav",7,2194682,Regular
1428,"Priyansh Jaggi",7,2192224,Regular
1716,"Zara Shah",5,2191624,Regular
1730,"Rhea Rattan",4,2185048,Regular
1629,"Kanav Grewal",5,2180310,Regular
1304,"Prerak Bhatia",5,2179778,Regular
622,"Nayantara Sastry",4,2177618,Regular
787,"Arhaan Mann",4,2172916,Regular
836,"Nitya Dhawan",4,2169548,Regular
1062,"Emir Sura",5,2168380,Regular
489,"Neysa Karan",5,2167582,Regular
1710,"Azad Basak",4,2164852,Regular
571,"Hrishita Suresh",5,2164194,Regular
8,"Divyansh Bhatti",7,2163226,Regular
1412,"Nirvi Date",5,2161908,Regular
1010,"Hridaan Yadav",4,2160826,Regular
1609,"Advik Kata",5,2160654,Regular
1942,"Aaina Randhawa",4,2158706,Regular
850,"Anika Balay",5,2154980,Regular
507,"Lakshit Suri",4,2154896,Regular
712,"Baiju Rout",5,2148282,Regular
1862,"Pranay Badami",4,2147206,Regular
1361,"Priyansh Bains",4,2145870,Regular
1455,"Prisha Savant",5,2138594,Regular
640,"Samar Kibe",8,2135368,Regular
726,"Nitya Chawla",4,2132694,Regular
1660,"Yasmin Yohannan",10,2130130,Regular
120,"Azad Datta",4,2127478,Regular
1909,"Yasmin Lal",4,2121502,Regular
264,"Mamooty Chaudhry",6,2118168,Regular
1100,"Anya Tripathi",2,2117130,Regular
576,"Bhavin Sachar",5,2115438,Regular
126,"Sana Karnik",5,2112328,Regular
1333,"Dharmajan Acharya",4,2112242,Regular
259,"Hiran Kara",5,2111730,Regular
236,"Riya Khosla",4,2109992,Regular
1245,"Mishti Khalsa",3,2109982,Regular
1871,"Hrishita Sandhu",5,2100338,Regular
892,"Jayesh Kalita",6,2093750,Regular
1698,"Fateh Sarna",5,2093386,Regular
801,"Myra Dass",9,2091894,Regular
355,"Onkar Ganesh",5,2089502,Regular
1362,"Nitya Ranganathan",5,2087116,Regular
1620,"Hansh Dhar",5,2086800,Regular
891,"Yuvraj  Verma",5,2084974,Regular
727,"Yakshit Dada",4,2084952,Regular
212,"Akarsh Garde",7,2084576,Regular
652,"Gatik Bath",5,2084120,Regular
1758,"Mannat Lad",3,2082424,Regular
929,"Ela Mane",4,2079578,Regular
872,"Stuvan Swaminathan",5,2079052,Regular
1229,"Madhav Dugal",3,2073950,Regular
646,"Shayak Datta",4,2071066,Regular
1648,"Nishith Dhingra",4,2070444,Regular
618,"Nishith Ganesan",4,2067716,Regular
1254,"Anahita Butala",5,2066188,Regular
153,"Onkar Sodhi",6,2058698,Regular
1087,"Hazel Desai",5,2050080,Regular
1846,"Samarth Jayaraman",7,2049382,Regular
1765,"Aarush Talwar",4,2045248,Regular
1096,"Trisha Dash",7,2041810,Regular
1811,"Tushar Handa",5,2041402,Regular
1631,"Drishya Hari",5,2040750,Regular
1619,"Aradhya Sampath",5,2035458,Regular
407,"Pihu Mand",5,2035298,Regular
367,"Vaibhav Bawa",7,2033872,Regular
1279,"Saksham Sarin",4,2033194,Regular
594,"Kabir Dalal",5,2030574,Regular
1076,"Rohan Bhakta",4,2026688,Regular
1818,"Nitara Kapur",7,2025914,Regular
1555,"Raunak Goyal",4,2020890,Regular
1472,"Pranay Agate",5,2017700,Regular
76,"Neelofar Krishnan",5,2014292,Regular
1404,"Khushi Gara",4,2012850,Regular
1300,"Mishti Sidhu",2,2012214,Regular
436,"Aarav Sarraf",2,2012062,Regular
1082,"Mehul Banik",4,2010552,Regular
603,"Tanya Rao",6,2009840,Regular
1417,"Nitara Jani",4,2009306,Regular
375,"Neysa Sengupta",4,2009154,Regular
629,"Nayantara Subramanian",6,2007638,Regular
1253,"Trisha Kari",5,2006034,Regular
1723,"Ishaan Gera",4,2001518,Regular
569,"Rhea Anne",5,1999454,Regular
101,"Nakul Sampath",5,1998300,Regular
1726,"Mohanlal Khosla",7,1997276,Regular
611,"Damini Kanda",4,1996608,Regular
849,"Shanaya Dixit",4,1996380,Regular
113,"Shanaya Sura",4,1993892,Regular
1669,"Anaya Sandal",5,1989844,Regular
676,"Ritvik Baria",5,1989362,Regular
248,"Navya Bahl",6,1989052,Regular
1186,"Armaan Dixit",5,1988572,Regular
1912,"Anay Sheth",4,1984284,Regular
142,"Jayan Desai",2,1983332,Regular
577,"Sumer Brahmbhatt",5,1973976,Regular
979,"Gokul Devi",4,1973080,Regular
1991,"Dishani Yogi",3,1972006,Regular
703,"Miraan Krishna",3,1971262,Regular
1439,"Baiju Karpe",4,1970724,Regular
135,"Nehmat Apte",4,1969308,Regular
1352,"Eva Bhatnagar",6,1969204,Regular
47,"Divit Sodhi",6,1966748,Regular
446,"Navya Bala",5,1965242,Regular
988,"Manikya Chaudhary",4,1964462,Regular
439,"Devansh Wason",4,1963382,Regular
841,"Ehsaan Gara",3,1962720,Regular
796,"Neelofar Sundaram",5,1962628,Regular
204,"Akarsh Sahota",4,1961434,Regular
747,"Anya Walia",6,1959272,Regular
1170,"Sara Amble",4,1958970,Regular
1791,"Taran Gade",5,1958436,Regular
1805,"Miraan Savant",3,1957256,Regular
1395,"Prisha Dixit",4,1956454,Regular
950,"Nitara Gandhi",4,1956430,Regular
593,"Riya Sandhu",5,1954058,Regular
817,"Eva Swamy",5,1953270,Regular
169,"Anay Kade",4,1952020,Regular
262,"Samar Mander",5,1950272,Regular
578,"Dhanush Dave",3,1949000,Regular
233,"Kismat Golla",4,1942780,Regular
1677,"Miraan Bhatia",4,1938576,Regular
150,"Arhaan Tara",4,1937672,Regular
314,"Kiara Sankar",6,1936730,Regular
1988,"Alisha Sachdev",3,1931494,Regular
1649,"Fateh Dhaliwal",6,1929944,Regular
1134,"Ahana  Bhakta",4,1925228,Regular
5,"Fateh Singhal",5,1924950,Regular
1863,"Divit Dar",5,1921226,Regular
782,"Mannat Karnik",5,1920472,Regular
1133,"Kismat Bath",5,1918946,Regular
520,"Yuvraj  Dey",3,1917068,Regular
1367,"Umang Khatri",5,1914592,Regular
1156,"Mohanlal Dey",5,1913558,Regular
1961,"Tara Sagar",6,1913332,Regular
1959,"Purab Jhaveri",4,1913248,Regular
1072,"Siya Seth",5,1909788,Regular
88,"Divij Hora",5,1906770,Regular
1210,"Mamooty Vohra",4,1902620,Regular
1470,"Jayesh Shenoy",6,1897626,Regular
1268,"Zara Mani",6,1892528,Regular
946,"Chirag Dey",4,1892298,Regular
1768,"Divyansh Tripathi",4,1891038,Regular
430,"Ira Jha",7,1887128,Regular
687,"Eva Din",5,1886286,Regular
435,"Prisha Ganesh",3,1885950,Regular
847,"Vihaan Amble",3,1884182,Regular
1975,"Shamik Walla",4,1882714,Regular
609,"Riya Varughese",4,1874402,Regular
1025,"Sara Basak",4,1874168,Regular
1908,"Emir Dora",6,1872978,Regular
837,"Prisha Jaggi",4,1868130,Regular
1399,"Sara Chhabra",7,1867818,Regular
685,"Purab Sane",4,1866650,Regular
785,"Anya Dara",6,1864180,Regular
1605,"Nakul Seshadri",5,1860964,Regular
897,"Akarsh Mann",6,1860428,Regular
1549,"Adah Bains",6,1860058,Regular
1848,"Samiha Bakshi",4,1859088,Regular
3,"Tara Vala",6,1855960,Regular
365,"Ryan Bera",5,1855306,Regular
1653,"Myra Chand",6,1854924,Regular
155,"Ivana Borde",4,1853338,Regular
846,"Yuvaan Bobal",4,1851388,Regular
402,"Tanya Ramaswamy",5,1850992,Regular
374,"Nitara Mandal",4,1850234,Regular
1624,"Yuvaan Das",4,1848788,Regular
630,"Prisha Samra",4,1848608,Regular
1285,"Chirag Kumar",4,1845512,Regular
1979,"Eva Kapoor",4,1844870,Regular
1948,"Indranil Sabharwal",6,1841814,Regular
1065,"Zeeshan Sarma",6,1839396,Regular
962,"Tiya Upadhyay",5,1837912,Regular
1714,"Tejas Dewan",5,1836374,Regular
714,"Yakshit Dixit",5,1835366,Regular
1901,"Vedika Bedi",4,1832784,Regular
237,"Divyansh Varma",4,1832448,Regular
867,"Shaan Aurora",4,1831410,Regular
904,"Manikya Verma",4,1830690,Regular
251,"Nitya Kohli",2,1830146,Regular
1355,"Pranay Rau",5,1829466,Regular
1196,"Kartik Chadha",4,1828870,Regular
1161,"Inaaya  Maharaj",5,1826678,Regular
1750,"Rhea Chada",5,1825444,Regular
1606,"Aaryahi Bora",6,1825086,Regular
441,"Nirvi Aggarwal",5,1820828,Regular
673,"Amira Ramaswamy",4,1819888,Regular
1767,"Madhup Balakrishnan",6,1819036,Regular
670,"Purab Varma",4,1818682,Regular
184,"Purab Goyal",5,1817020,Regular
1244,"Tushar Tiwari",7,1814678,Regular
1945,"Lagan Sastry",5,1813984,Regular
1306,"Ishaan Bandi",4,1807990,Regular
1228,"Prerak Upadhyay",5,1807326,Regular
1236,"Anahi Ganesan",3,1805448,Regular
1834,"Diya Bobal",4,1805040,Regular
92,"Sumer Subramanian",6,1803402,Regular
1349,"Jivika Bali",4,1803320,Regular
1239,"Zoya Raj",7,1799068,Regular
1474,"Romil Luthra",5,1798720,Regular
745,"Anika Dutta",5,1797550,Regular
561,"Vihaan Dass",3,1793810,Regular
1216,"Saanvi Bala",8,1789592,Regular
684,"Neelofar Konda",4,1786914,Regular
278,"Reyansh Acharya",5,1786692,Regular
977,"Anika Bassi",7,1783474,Regular
815,"Nitya Jani",4,1782788,Regular
1521,"Ehsaan Bobal",4,1780774,Regular
164,"Ojas Khare",5,1777456,Regular
1295,"Kaira Balakrishnan",5,1776154,Regular
1297,"Misha Sani",5,1770608,Regular
1812,"Alisha Gandhi",3,1769872,Regular
860,"Saksham Keer",3,1764730,Regular
1426,"Nayantara Bail",3,1763572,Regular
799,"Sahil Chahal",3,1763548,Regular
975,"Vidur Koshy",4,1763164,Regular
1580,"Jayan Hans",3,1761154,Regular
1902,"Tushar Kalita",5,1757016,Regular
445,"Jhanvi Dora",6,1752418,Regular
387,"Siya Kibe",4,1752374,Regular
732,"Siya Mammen",6,1750788,Regular
939,"Uthkarsh Ghosh",5,1749306,Regular
276,"Alisha Goswami",4,1746270,Regular
1147,"Mohanlal Saini",5,1742362,Regular
1457,"Shayak Solanki",6,1740938,Regular
858,"Tara Mall",6,1740330,Regular
1218,"Nayantara Dani",3,1739900,Regular
1354,"Dishani Chana",3,1738842,Regular
658,"Darshit Ahluwalia",4,1737326,Regular
532,"Kiara Banerjee",5,1736960,Regular
1248,"Chirag Ghosh",3,1736556,Regular
822,"Ishaan Mammen",4,1736378,Regular
900,"Parinaaz Kata",5,1736254,Regular
1090,"Faiyaz Talwar",4,1736120,Regular
642,"Renee Dubey",6,1735504,Regular
318,"Renee Anne",5,1731114,Regular
245,"Uthkarsh Mani",5,1731030,Regular
458,"Badal Sani",5,1729102,Regular
1905,"Khushi Krishnan",3,1728534,Regular
253,"Kartik Sen",3,1728424,Regular
316,"Sara Wason",5,1727286,Regular
1842,"Hunar Sarna",3,1726512,Regular
1773,"Kavya Wadhwa",3,1726124,Regular
1575,"Nayantara Mallick",6,1726122,Regular
1646,"Hrishita Roy",3,1725984,Regular
566,"Kanav Dutt",3,1725294,Regular
1106,"Nirvi Gara",5,1722596,Regular
626,"Bhavin Boase",2,1719854,Regular
1965,"Yasmin Upadhyay",7,1718626,Regular
813,"Amani Gill",2,1717792,Regular
1510,"Gokul Dugal",4,1716988,Regular
1553,"Fateh Barman",4,1716888,Regular
1940,"Rohan Arora",7,1716770,Regular
1193,"Hrishita Borde",6,1710608,Regular
1267,"Shray Garde",4,1704752,Regular
1437,"Ehsaan Bava",4,1703790,Regular
938,"Myra Rajagopal",5,1703306,Regular
1136,"Fateh Ramesh",5,1702444,Regular
1444,"Priyansh Chaudhary",3,1697926,Regular
833,"Lavanya Bhatt",4,1696944,Regular
1338,"Nishith Ray",2,1696918,Regular
1598,"Ivan Gulati",3,1693692,Regular
1851,"Riaan Dugal",4,1692560,Regular
1316,"Ira Arora",5,1688994,Regular
1565,"Indranil Shenoy",4,1687898,Regular
1914,"Kaira Bawa",4,1686932,Regular
1235,"Vihaan Chakrabarti",3,1684640,Regular
600,"Shray Ray",3,1684252,Regular
213,"Hridaan Kala",5,1681630,Regular
269,"Mishti Sankaran",4,1680290,Regular
1570,"Adira Gera",5,1679000,Regular
1597,"Nirvaan Bala",4,1676684,Regular
1898,"Mannat Sha",5,1676670,Regular
1641,"Indrans Subramaniam",4,1676194,Regular
1904,"Ritvik Mallick",3,1675460,Regular
332,"Dhruv Doshi",3,1675348,Regular
1825,"Nayantara Manne",5,1674930,Regular
287,"Zoya Shere",4,1674552,Regular
186,"Diya Krish",2,1673882,Regular
791,"Nakul Comar",3,1669632,Regular
1204,"Mahika Warrior",5,1668572,Regular
865,"Prisha Chatterjee",3,1666148,Regular
28,"Jhanvi Sarma",6,1665874,Regular
1031,"Rati Chand",5,1665774,Regular
350,"Samaira Singhal",6,1661658,Regular
420,"Zaina Mall",4,1660550,Regular
323,"Baiju Srivastava",6,1660000,Regular
835,"Bhavin Mani",3,1655726,Regular
433,"Veer Sane",6,1655602,Regular
1841,"Badal Varughese",5,1654904,Regular
1249,"Suhana Bhargava",3,1654170,Regular
1484,"Vedika Doshi",5,1653264,Regular
1401,"Mannat Dayal",4,1652872,Regular
1391,"Raghav Sethi",6,1652388,Regular
216,"Akarsh Agarwal",5,1651952,Regular
1425,"Anika Bera",6,1646232,Regular
981,"Hiran Kala",5,1645638,Regular
400,"Sara Wali",4,1644034,Regular
828,"Aayush Loyal",3,1644008,Regular
812,"Nitya Madan",3,1643570,Regular
1592,"Mehul Agarwal",3,1643286,Regular
1345,"Kaira Chahal",4,1642762,Regular
1080,"Tanya Krishna",2,1641740,Regular
648,"Dharmajan Brar",3,1639736,Regular
41,"Yakshit Dugar",3,1638358,Regular
920,"Yashvi Handa",3,1638072,Regular
963,"Riya Sarna",5,1634624,Regular
345,"Kimaya Grewal",7,1633590,Regular
203,"Akarsh Sarma",3,1633210,Regular
1343,"Zeeshan Sunder",3,1632790,Regular
1596,"Damini Shetty",5,1630610,Regular
818,"Vaibhav Agate",4,1629842,Regular
432,"Zeeshan Shere",4,1629370,Regular
1469,"Sumer Srinivas",6,1628550,Regular
1610,"Devansh Ben",3,1626218,Regular
924,"Taran Devi",4,1622506,Regular
793,"Madhup Viswanathan",7,1621342,Regular
616,"Amani Kalita",4,1618346,Regular
1686,"Samarth Kanda",4,1617226,Regular
551,"Jayan Shankar",7,1617216,Regular
575,"Keya Dixit",3,1616758,Regular
1294,"Hridaan Dyal",5,1616484,Regular
991,"Pihu Wali",3,1613374,Regular
1530,"Yakshit Jain",4,1612390,Regular
937,"Aarna Dutt",5,1611768,Regular
1310,"Zeeshan Loyal",5,1611670,Regular
762,"Kismat Lalla",4,1609682,Regular
413,"Sumer Randhawa",3,1609550,Regular
1633,"Charvi Bakshi",4,1609542,Regular
741,"Samiha Das",5,1609202,Regular
931,"Aniruddh Jha",5,1602156,Regular
1321,"Darshit Kale",4,1601438,Regular
1445,"Tushar Bhargava",4,1600538,Regular
945,"Umang Tiwari",4,1600500,Regular
475,"Zoya Mani",3,1597264,Regular
229,"Gokul Bhagat",5,1597216,Regular
902,"Inaaya  Doctor",7,1591968,Regular
761,"Jivika Tandon",5,1591004,Regular
526,"Amani Kala",3,1587254,Regular
1688,"Ira Bala",3,1585860,Regular
21,"Anya Varkey",6,1583256,Regular
922,"Lakshit Wagle",4,1582450,Regular
179,"Pranay Bandi",4,1582404,Regular
1794,"Neelofar Mandal",4,1578660,Regular
1890,"Shlok Dara",5,1577670,Regular
1528,"Alisha Swaminathan",3,1576678,Regular
1516,"Khushi Venkatesh",5,1575206,Regular
1432,"Aarna Sane",4,1575014,Regular
1799,"Kanav Venkatesh",4,1573306,Regular
81,"Mahika Ram",4,1573146,Regular
495,"Aradhya Vohra",3,1571506,Regular
923,"Yakshit Kakar",4,1570092,Regular
1910,"Hiran Bhatia",4,1568780,Regular
1131,"Ira Wason",4,1567606,Regular
1640,"Gatik Kakar",4,1566456,Regular
876,"Alisha Bahl",4,1566126,Regular
466,"Amira Wali",3,1565446,Regular
579,"Samaira Sandal",3,1565190,Regular
967,"Tarini Saha",3,1564366,Regular
1402,"Aarav Shukla",4,1563856,Regular
1685,"Ahana  Chhabra",4,1560308,Regular
283,"Khushi Goel",3,1559504,Regular
1889,"Saksham Dash",2,1557558,Regular
1389,"Baiju Dâ€™Alia",5,1556286,Regular
789,"Stuvan Thaker",4,1554986,Regular
44,"Farhan Anne",5,1554594,Regular
541,"Bhamini Shroff",3,1552832,Regular
1015,"Jhanvi Mall",4,1552348,Regular
759,"Purab Som",3,1552028,Regular
884,"Divyansh Golla",5,1551752,Regular
1545,"Ryan Goyal",3,1548696,Regular
1569,"Jayesh Kaur",6,1546810,Regular
1817,"Sana Baria",2,1546668,Regular
35,"Nehmat Vohra",5,1545464,Regular
1972,"Misha Dalal",4,1543710,Regular
1118,"Zoya Shetty",2,1543346,Regular
917,"Uthkarsh Trivedi",5,1538210,Regular
1368,"Gokul Deshmukh",3,1536636,Regular
38,"Damini Solanki",6,1533494,Regular
1201,"Aaina Krish",4,1528850,Regular
1489,"Anya Kunda",3,1526850,Regular
1958,"Shaan Bassi",3,1526496,Regular
95,"Shaan Kuruvilla",2,1524142,Regular
1370,"Divyansh Bhasin",5,1522458,Regular
462,"Vardaniya Ray",4,1521858,Regular
768,"Neysa Wason",3,1520822,Regular
1547,"Badal Sengupta",3,1520570,Regular
500,"Divij Bedi",4,1515720,Regular
198,"Biju Ram",4,1515258,Regular
1420,"Ivana Thakkar",3,1514392,Regular
1737,"Mannat Keer",3,1510986,Regular
966,"Miraya Wason",3,1510072,Regular
1551,"Neelofar Rout",5,1509198,Regular
133,"Yuvaan Sha",2,1508700,Regular
310,"Shlok Toor",5,1507348,Regular
1102,"Advika Gara",3,1506708,Regular
1460,"Lavanya Choudhury",3,1505934,Regular
1924,"Zara Rout",2,1504522,Regular
346,"Dharmajan Taneja",3,1502858,Regular
838,"Aarav Sachar",3,1502394,Regular
707,"Sumer Kannan",3,1501502,Regular
1,"Tanya Goel",3,1500878,Regular
1621,"Sara Kibe",3,1499702,Regular
886,"Anika Bajaj",4,1497438,Regular
96,"Advik Kota",3,1495762,Regular
1544,"Mamooty Lata",3,1493556,Regular
1671,"Zoya Bhagat",4,1491694,Regular
1448,"Zara Gade",3,1490910,Regular
105,"Mahika Tak",4,1489966,Regular
1692,"Yakshit Thaman",3,1489864,Regular
1509,"Kiara Golla",5,1488554,Regular
1852,"Kabir Bal",5,1488402,Regular
196,"Aniruddh Dubey",3,1485744,Regular
1189,"Jivin Vohra",4,1483570,Regular
56,"Arnav Rajagopalan",3,1483162,Regular
1263,"Hunar Talwar",5,1482988,Regular
944,"Piya Madan",4,1482678,Regular
103,"Armaan Dara",4,1482230,Regular
257,"Aarav Chada",4,1481826,Regular
33,"Ivana Sandal",6,1478306,Regular
419,"Seher Tara",4,1476256,Regular
1339,"Eshani Seshadri",4,1475790,Regular
508,"Kabir Yadav",4,1475284,Regular
461,"Azad Loyal",5,1473480,Regular
1322,"Zaina Kothari",5,1470714,Regular
961,"Farhan Sandhu",5,1469644,Regular
394,"Faiyaz Kunda",5,1467922,Regular
1242,"Eva Mani",2,1467506,Regular
1359,"Dhanush Chakrabarti",3,1466484,Regular
1642,"Zeeshan Comar",4,1466054,Regular
1473,"Mishti Jaggi",5,1463036,Regular
1691,"Zaina Divan",4,1463010,Regular
1307,"Lagan Sengupta",4,1461224,Regular
1206,"Nishith Ravi",5,1459824,Regular
1188,"Ira Arora",4,1458828,Regular
18,"Zeeshan Bandi",4,1457868,Regular
417,"Urvi Kaur",4,1456924,Regular
550,"Kimaya Apte",3,1456558,Regular
1442,"Vaibhav Lanka",5,1455502,Regular
895,"Manjari Randhawa",1,1455138,Regular
1157,"Kartik Devi",5,1454118,Regular
852,"Sahil Shenoy",4,1452756,Regular
336,"Aradhya Ravel",3,1451830,Regular
1541,"Damini Kunda",3,1449904,Regular
175,"Miraan Khalsa",4,1446880,Regular
1458,"Bhavin Bhatia",3,1445902,Regular
875,"Ehsaan Bail",7,1442292,Regular
328,"Saira Mahajan",4,1441628,Regular
114,"Samaira Rege",3,1440566,Regular
1529,"Diya Bakshi",5,1440202,Regular
1219,"Manikya Chakraborty",4,1439602,Regular
1839,"Prisha Tak",6,1437974,Regular
906,"Jayant Joshi",3,1434390,Regular
623,"Inaaya  Singhal",4,1432602,Regular
322,"Rania Sridhar",4,1431690,Regular
279,"Dhanush Dara",3,1431170,Regular
1829,"Lakshay Solanki",3,1430516,Regular
1752,"Himmat Chaudhuri",7,1430232,Regular
1171,"Heer Ghose",5,1429842,Regular
1657,"Kanav Ramaswamy",3,1429840,Regular
1502,"Arnav Dâ€™Alia",5,1429792,Regular
403,"Misha Tripathi",4,1428984,Regular
927,"Rania Sridhar",4,1428788,Regular
1630,"Armaan Garde",4,1428736,Regular
1377,"Saira Saha",3,1428572,Regular
1801,"Elakshi Saxena",4,1428486,Regular
1989,"Lakshay Ganesh",4,1424528,Regular
954,"Aradhya Biswas",5,1421884,Regular
773,"Ehsaan Cheema",5,1413192,Regular
1772,"Umang Kumer",4,1412694,Regular
256,"Ivan Datta",3,1412296,Regular
1702,"Raunak Bala",4,1411546,Regular
971,"Neysa Badal",4,1410912,Regular
1292,"Fateh Manne",2,1410522,Regular
1284,"Aarna Ganesh",4,1410342,Regular
1929,"Lakshit Dyal",3,1410182,Regular
218,"Siya Walia",3,1409678,Regular
1519,"Misha Bandi",3,1408610,Regular
699,"Ojas Saini",3,1407278,Regular
1893,"Aaina Kari",5,1404342,Regular
165,"Advika Chandran",4,1403802,Regular
930,"Charvi Raval",3,1403490,Regular
1542,"Sara Brar",4,1403444,Regular
1903,"Divyansh Ratta",4,1400448,Regular
339,"Anahita Desai",3,1399900,Regular
431,"Yasmin Ahluwalia",3,1398674,Regular
157,"Aarush Dutt",5,1396374,Regular
695,"Lavanya Ghose",3,1395862,Regular
152,"Veer Dube",2,1395460,Regular
760,"Zain Ramaswamy",4,1395224,Regular
994,"Aayush Savant",4,1394378,Regular
1480,"Taran Viswanathan",5,1393306,Regular
941,"Tushar Mall",4,1391376,Regular
478,"Ojas Basak",3,1391056,Regular
69,"Pranay Sule",4,1388590,Regular
1976,"Ranbir Gade",3,1388442,Regular
14,"Nakul Bhargava",4,1387600,Regular
1881,"Mahika Sule",4,1387596,Regular
1259,"Vihaan Som",4,1387578,Regular
383,"Nitya Ravel",5,1386888,Regular
1713,"Aaina Rege",4,1386476,Regular
1335,"Emir Kota",2,1383548,Regular
1265,"Vivaan Ramaswamy",4,1383062,Regular
1111,"Ayesha Kala",3,1382286,Regular
1231,"Anahi Chand",3,1381878,Regular
94,"Nayantara Bedi",6,1381842,Regular
1643,"Ela Agrawal",4,1378280,Regular
879,"Manjari Devi",3,1375676,Regular
631,"Dhanush Vaidya",3,1373102,Regular
64,"Aarav Kala",3,1371742,Regular
803,"Nakul Dixit",4,1371192,Regular
468,"Yakshit Babu",4,1370450,Regular
469,"Armaan Tella",5,1368662,Regular
77,"Rati Suresh",6,1367962,Regular
1535,"Urvi Varma",3,1366694,Regular
1441,"Gatik Sandal",3,1365222,Regular
206,"Vanya Sunder",4,1363706,Regular
842,"Keya Tandon",5,1359536,Regular
587,"Armaan Boase",4,1357880,Regular
1378,"Gatik Lal",3,1354098,Regular
311,"Aniruddh Sathe",3,1353492,Regular
1546,"Ela Kari",4,1352816,Regular
1838,"Faiyaz Sangha",3,1351454,Regular
1518,"Aayush Goyal",4,1351152,Regular
1581,"Suhana Shankar",6,1350326,Regular
1298,"Ela Zachariah",5,1349412,Regular
1628,"Jayant Ramanathan",3,1349286,Regular
1618,"Azad Sem",4,1347836,Regular
370,"Jivin Sekhon",4,1346368,Regular
582,"Jiya Jhaveri",4,1344792,Regular
1937,"Yashvi Mandal",3,1344484,Regular
1068,"Akarsh Cherian",3,1343502,Regular
397,"Gatik Dey",5,1343016,Regular
654,"Madhav Srinivasan",3,1341220,Regular
200,"Tushar Garde",4,1340360,Regular
1024,"Ishaan Karan",3,1339788,Regular
774,"Tiya Sant",5,1338880,Regular
549,"Shanaya Badal",4,1335974,Regular
668,"Ishaan Chakrabarti",4,1335880,Regular
742,"Samar Shetty",3,1335844,Regular
1019,"Ishaan Rastogi",4,1335350,Regular
85,"Pihu Mand",2,1335308,Regular
476,"Akarsh Sura",5,1334462,Regular
881,"Yuvraj  Barad",4,1330590,Regular
333,"Elakshi Chakraborty",4,1330134,Regular
409,"Manikya Shanker",3,1329788,Regular
1611,"Yashvi Jani",5,1326918,Regular
516,"Ira Soman",3,1326468,Regular
1887,"Divyansh Mallick",4,1325866,Regular
1167,"Divyansh Mand",5,1325484,Regular
319,"Trisha Kothari",4,1324514,Regular
499,"Ishita Doctor",2,1324404,Regular
426,"Shayak Chand",5,1323116,Regular
1828,"Bhavin Sengupta",3,1321096,Regular
1283,"Aayush Sanghvi",2,1320110,Regular
471,"Fateh Cherian",4,1319410,Regular
887,"Renee Doctor",2,1318718,Regular
16,"Manjari Rama",2,1316442,Regular
1341,"Shayak Dasgupta",3,1313574,Regular
1687,"Rasha Chowdhury",4,1312614,Regular
37,"Charvi Badal",4,1312338,Regular
731,"Adah Char",4,1311756,Regular
1184,"Shayak Madan",3,1311752,Regular
464,"Seher Bali",3,1309182,Regular
362,"Aarav Dani",4,1308356,Regular
806,"Gatik Gopal",3,1307750,Regular
1494,"Anvi Bava",4,1306814,Regular
1709,"Jiya Rau",4,1306614,Regular
1077,"Kartik Dhawan",5,1305420,Regular
662,"Saira Iyer",3,1305228,Regular
109,"Urvi Sant",4,1304356,Regular
1638,"Sumer Karnik",5,1303360,Regular
1986,"Seher Kara",3,1301078,Regular
1305,"Pranay Rattan",4,1300738,Regular
1299,"Hrishita Kumar",4,1299696,Regular
1725,"Zara Subramanian",3,1299052,Regular
1123,"Renee Dhawan",4,1299050,Regular
19,"Anaya Sem",4,1295930,Regular
1967,"Priyansh Keer",6,1294790,Regular
1498,"Anay Rout",6,1293720,Regular
42,"Badal Badami",1,1292680,Regular
669,"Nirvaan Dara",3,1290918,Regular
1753,"Madhup Hora",4,1289728,Regular
691,"Mehul Bhandari",3,1287992,Regular
845,"Priyansh Goel",3,1287748,Regular
998,"Vaibhav Rout",2,1287452,Regular
48,"Dhruv Sastry",3,1286390,Regular
1864,"Dishani Vaidya",4,1286208,Regular
843,"Taran Borde",1,1285510,Regular
1515,"Saira Suri",2,1285192,Regular
1166,"Aarna Buch",3,1284664,Regular
438,"Rasha Kuruvilla",4,1282552,Regular
1270,"Gokul Malhotra",4,1282330,Regular
819,"Heer Wali",3,1280056,Regular
965,"Nitara Raju",3,1279522,Regular
1344,"Jayan Dube",3,1278448,Regular
1897,"Saksham Sengupta",6,1278046,Regular
119,"Eshani Rege",3,1275358,Regular
534,"Vivaan Manda",2,1272002,Regular
34,"Akarsh Bhagat",4,1271942,Regular
1160,"Madhav Keer",4,1271858,Regular
1324,"Vidur Bandi",5,1271722,Regular
250,"Sumer Sunder",5,1270718,Regular
1202,"Lakshit Ahuja",3,1269090,Regular
1562,"Samar Ray",3,1268632,Regular
639,"Yuvaan Savant",3,1268608,Regular
1721,"Faiyaz Chakrabarti",3,1268574,Regular
1920,"Damini Ray",3,1267962,Regular
75,"Elakshi Batta",4,1267618,Regular
1745,"Dhanuk Savant",4,1263350,Regular
1453,"Madhav Mane",4,1263184,Regular
1782,"Anvi Bhardwaj",2,1262056,Regular
1682,"Nitya Bhatt",4,1261796,Regular
1833,"Dhanuk Raja",2,1261294,Regular
1946,"Raunak Hans",3,1256890,Regular
556,"Misha Rajagopalan",2,1256576,Regular
722,"Siya Jhaveri",3,1256530,Regular
1139,"Mishti Bhatt",3,1256004,Regular
1491,"Mannat Tara",4,1254804,Regular
1595,"Yakshit Chaudhari",5,1253874,Regular
148,"Anahi Dhaliwal",4,1253668,Regular
529,"Vaibhav Bala",4,1249880,Regular
934,"Hridaan Sankar",1,1248924,Regular
1658,"Pranay Koshy",3,1247626,Regular
1443,"Vanya Kapur",4,1246820,Regular
1030,"Riya Anne",3,1246106,Regular
1213,"Pranay Sanghvi",4,1246002,Regular
1138,"Anaya Kala",3,1243370,Regular
1320,"Reyansh Konda",2,1240982,Regular
1566,"Neysa Yohannan",4,1240548,Regular
995,"Nehmat Hayer",3,1239082,Regular
1831,"Aayush Choudhary",5,1238814,Regular
602,"Aarush Hayre",4,1238170,Regular
1699,"Inaaya  Walla",5,1237690,Regular
1318,"Shanaya Ahluwalia",4,1236164,Regular
538,"Miraan Ramanathan",6,1235892,Regular
610,"Anvi Yohannan",3,1235748,Regular
1181,"Dhanuk Sagar",6,1235732,Regular
1734,"Tiya Hayer",3,1234518,Regular
1105,"Ranbir Din",5,1231384,Regular
868,"Kiara Vohra",3,1230380,Regular
1747,"Rhea Master",3,1228378,Regular
361,"Riaan Kara",5,1228328,Regular
1954,"Zaina Swamy",6,1227028,Regular
1735,"Arhaan Chatterjee",5,1226196,Regular
832,"Ryan Ramaswamy",5,1224874,Regular
1103,"Mannat Srivastava",4,1224222,Regular
1383,"Alisha Kala",2,1224132,Regular
811,"Saira Srivastava",3,1220676,Regular
517,"Rati Bobal",5,1218232,Regular
1326,"Ira Chaudhuri",4,1217538,Regular
1587,"Umang Dhingra",3,1217138,Regular
1485,"Stuvan Vig",4,1215306,Regular
242,"Zain Sethi",3,1214466,Regular
730,"Parinaaz Grover",4,1212084,Regular
1701,"Eva Dutt",4,1211238,Regular
1308,"Azad Chandra",5,1210428,Regular
427,"Anahi Contractor",3,1209550,Regular
192,"Ela Rana",3,1207950,Regular
855,"Seher Chhabra",4,1207204,Regular
1477,"Purab Mahajan",4,1205438,Regular
857,"Vardaniya Bahl",3,1204386,Regular
1183,"Manikya Vasa",2,1203694,Regular
1746,"Taran Kara",3,1201688,Regular
1365,"Ishaan Gulati",4,1198920,Regular
586,"Yakshit Ben",5,1198372,Regular
422,"Eva Bhandari",5,1197432,Regular
1784,"Indrans Kar",4,1195626,Regular
544,"Renee Divan",2,1193528,Regular
183,"Miraya Jani",4,1193234,Regular
1667,"Taran Edwin",3,1192966,Regular
546,"Parinaaz Yadav",2,1192774,Regular
758,"Azad Dayal",4,1192494,Regular
442,"Myra Bawa",4,1192130,Regular
1240,"Trisha Banerjee",5,1192068,Regular
1262,"Mannat Sagar",3,1190160,Regular
1608,"Armaan Divan",4,1189152,Regular
1548,"Renee Saha",4,1185030,Regular
1257,"Fateh Iyer",2,1184992,Regular
1763,"Kiaan Sankar",4,1184992,Regular
382,"Rania Bhatt",3,1183582,Regular
1431,"Sana Bhat",3,1181056,Regular
1459,"Ishaan Sahni",2,1176240,Regular
1645,"Nayantara Ravel",2,1174572,Regular
657,"Rasha Bala",3,1173492,Regular
60,"Manjari Jhaveri",5,1172966,Regular
429,"Eshani Gola",3,1172146,Regular
1141,"Chirag Yohannan",4,1171950,Regular
1525,"Mahika Gole",2,1171576,Regular
1844,"Siya Raman",4,1171504,Regular
713,"Kashvi Shanker",3,1170252,Regular
1850,"Jayant Majumdar",4,1169180,Regular
1916,"Alisha Malhotra",3,1168364,Regular
1041,"Hunar Kala",3,1167768,Regular
743,"Kartik Rao",2,1167428,Regular
31,"Tiya Dayal",3,1166818,Regular
1042,"Vidur Chacko",3,1166234,Regular
1756,"Chirag Ranganathan",2,1164260,Regular
802,"Samiha Barad",5,1162090,Regular
632,"Bhavin Dalal",3,1162006,Regular
168,"Kaira Tak",4,1160282,Regular
1468,"Tushar Sekhon",2,1159236,Regular
1998,"Ryan Bawa",4,1158362,Regular
222,"Misha De",5,1156502,Regular
969,"Nishith Dhillon",3,1154994,Regular
1269,"Manjari Bansal",4,1151768,Regular
1169,"Ehsaan Brar",2,1150514,Regular
463,"Onkar Banik",3,1149596,Regular
330,"Inaaya  Sachdeva",3,1148896,Regular
131,"Ehsaan Jani",3,1148054,Regular
1164,"Riya Konda",5,1147756,Regular
452,"Vidur Behl",4,1146848,Regular
856,"Divit Yadav",4,1144766,Regular
864,"Dhruv Chander",2,1144106,Regular
321,"Aarav Rege",2,1143928,Regular
249,"Zoya Dixit",3,1142682,Regular
1993,"Aaryahi Madan",2,1142272,Regular
873,"Hazel Tata",3,1142270,Regular
376,"Sara Sawhney",1,1141942,Regular
1191,"Kabir Ahluwalia",2,1137028,Regular
1055,"Advik Wali",3,1134500,Regular
1381,"Dhanush Hayer",3,1131152,Regular
1674,"Anay Bumb",4,1129902,Regular
1969,"Ishaan Sandal",4,1129162,Regular
1356,"Vidur Trivedi",4,1128184,Regular
1637,"Anya Dash",3,1127892,Regular
1602,"Aayush Kapadia",3,1126948,Regular
1572,"Eshani Gokhale",4,1124194,Regular
1034,"Piya Mand",3,1123942,Regular
1168,"Yuvaan Barad",3,1123330,Regular
1579,"Aarna Deol",2,1122576,Regular
823,"Nehmat Kulkarni",3,1122248,Regular
1895,"Shalv Lal",4,1122140,Regular
1375,"Farhan Kuruvilla",2,1121494,Regular
1694,"Vidur Goswami",3,1120052,Regular
297,"Ryan Char",3,1119500,Regular
1433,"Chirag Rajagopalan",3,1118426,Regular
1614,"Indranil Magar",3,1117638,Regular
749,"Biju Atwal",2,1116428,Regular
1243,"Parinaaz Bandi",2,1115436,Regular
740,"Nirvaan Dave",3,1114772,Regular
1486,"Sana Dave",3,1114112,Regular
421,"Manjari Ahuja",3,1112998,Regular
1984,"Nitara Bhalla",5,1112846,Regular
396,"Zain Dhawan",5,1111038,Regular
1927,"Suhana Wason",4,1110688,Regular
121,"Bhavin Sant",2,1110638,Regular
1556,"Siya Chander",2,1110496,Regular
1424,"Rasha Sha",4,1110446,Regular
1690,"Divyansh Rattan",3,1107220,Regular
1822,"Samiha Chahal",5,1107006,Regular
1449,"Kanav Rama",3,1106934,Regular
1951,"Nitara Sehgal",3,1105326,Regular
536,"Navya Wason",2,1104120,Regular
71,"Dishani Chanda",4,1103032,Regular
980,"Mohanlal Handa",2,1102382,Regular
1013,"Lakshay Sekhon",2,1099734,Regular
1588,"Stuvan Doctor",3,1099140,Regular
1493,"Azad Salvi",7,1097042,Regular
1856,"Ayesha Acharya",3,1096880,Regular
725,"Nirvi Walia",5,1096398,Regular
720,"Zeeshan Barad",4,1096062,Regular
983,"Rati Zachariah",4,1095654,Regular
601,"Jivin Dhar",2,1094132,Regular
480,"Gokul Mahajan",3,1091504,Regular
543,"Romil Dhar",4,1091412,Regular
32,"Devansh Savant",4,1090536,Regular
1482,"Raunak Bal",3,1089536,Regular
1203,"Aniruddh Bala",3,1089116,Regular
1089,"Farhan Gulati",3,1088996,Regular
343,"Jayesh Soni",2,1087774,Regular
1635,"Yuvaan Andra",4,1087754,Regular
1788,"Parinaaz Saha",2,1086334,Regular
360,"Eshani Bajaj",2,1085344,Regular
1071,"Yasmin Dixit",4,1083796,Regular
219,"Keya Srinivasan",4,1083150,Regular
1994,"Yuvraj  Kannan",2,1082416,Regular
599,"Amani Kumer",2,1081390,Regular
1872,"Dharmajan Hayre",3,1080904,Regular
591,"Tushar Goel",2,1079692,Regular
1371,"Advik Char",4,1078496,Regular
1418,"Oorja Saran",4,1078102,Regular
72,"Jayesh Sood",2,1077660,Regular
1260,"Arnav Yohannan",4,1077022,Regular
1962,"Heer Dugar",4,1076928,Regular
1499,"Tushar Manda",2,1076582,Regular
1398,"Aniruddh Rattan",4,1076460,Regular
1357,"Samarth Contractor",4,1076436,Regular
171,"Misha Wable",4,1075098,Regular
1329,"Vanya Zachariah",5,1073148,Regular
790,"Saanvi Gokhale",3,1072906,Regular
1922,"Hiran Gokhale",3,1071992,Regular
1857,"Aarav Cherian",2,1071768,Regular
1302,"Zara Kothari",4,1071704,Regular
247,"Rohan Deshpande",3,1071072,Regular
1949,"Shalv Kibe",5,1069828,Regular
1899,"Riaan Varty",4,1069548,Regular
1719,"Ritvik Baral",3,1068144,Regular
182,"Vidur Kuruvilla",4,1066576,Regular
1981,"Kartik Sani",2,1066264,Regular
1303,"Ivana Khurana",3,1065760,Regular
1875,"Tara Gole",4,1065344,Regular
89,"Lagan Chopra",2,1065142,Regular
890,"Nayantara Varty",3,1065052,Regular
734,"Sana Rajagopalan",3,1064444,Regular
1180,"Inaaya  Jhaveri",3,1064284,Regular
763,"Aayush Barad",2,1061810,Regular
1560,"Ishita Kara",5,1061596,Regular
381,"Vivaan Baria",3,1059162,Regular
1860,"Yuvaan Thaker",4,1056636,Regular
87,"Aniruddh Ratta",5,1056534,Regular
1271,"Dhanuk Dhar",3,1055208,Regular
315,"Onkar Goyal",2,1053888,Regular
1255,"Kismat Hegde",4,1053782,Regular
156,"Adira Kadakia",2,1053468,Regular
1650,"Amani Bhatnagar",5,1052808,Regular
470,"Saksham Bhardwaj",2,1052724,Regular
960,"Nehmat Boase",2,1052004,Regular
997,"Taran Yogi",4,1049738,Regular
711,"Adira Srinivasan",5,1049596,Regular
58,"Vardaniya Johal",5,1045480,Regular
1261,"Misha Kalita",5,1044748,Regular
338,"Hridaan Sachar",4,1044490,Regular
437,"Eshani Chauhan",2,1044392,Regular
1792,"Mamooty Uppal",4,1043708,Regular
1035,"Stuvan Sen",4,1042916,Regular
859,"Divij Sachdev",2,1042718,Regular
123,"Vritika Bhattacharyya",4,1042478,Regular
189,"Misha Manne",4,1041196,Regular
1410,"Ela Randhawa",3,1040414,Regular
1647,"Madhup Ben",2,1039260,Regular
755,"Inaaya  Toor",4,1038390,Regular
974,"Anahita Basak",4,1036770,Regular
1867,"Keya Tripathi",3,1036544,Regular
1032,"Ojas Kalita",2,1035446,Regular
399,"Krish Brahmbhatt",3,1035338,Regular
560,"Purab Vig",3,1032140,Regular
127,"Jayesh Din",3,1029946,Regular
1837,"Vivaan Krishnamurthy",3,1029494,Regular
1061,"Zara Suri",3,1028258,Regular
299,"Shlok Sura",2,1027526,Regular
1886,"Tara Bakshi",4,1027144,Regular
487,"Gokul Luthra",4,1027134,Regular
1712,"Tushar Keer",2,1026760,Regular
1430,"Madhup Mangat",3,1025900,Regular
1162,"Himmat Lad",3,1023884,Regular
1315,"Nishith Balasubramanian",2,1023734,Regular
1014,"Ahana  Choudhry",2,1023594,Regular
124,"Kartik Varty",3,1023442,Regular
907,"Baiju Handa",4,1023356,Regular
408,"Kanav Rama",2,1023044,Regular
1956,"Piya Raman",6,1018304,Regular
1286,"Keya Tripathi",5,1017488,Regular
894,"Lakshay Char",4,1017146,Regular
161,"Riaan Basu",2,1016048,Regular
708,"Zeeshan Wali",2,1015600,Regular
1770,"Riaan Choudhary",3,1011584,Regular
1409,"Adah Guha",3,1011192,Regular
481,"Pranay Dugar",3,1008614,Regular
982,"Mahika Kade",2,1005996,Regular
90,"Vardaniya Badal",3,1004846,Regular
636,"Anahi Goel",3,1004486,Regular
358,"Dishani Dayal",3,1004126,Regular
270,"Badal Ratti",3,1003618,Regular
1718,"Suhana Singhal",4,1002054,Regular
1882,"Anvi Yogi",4,1000660,Regular
637,"Neysa Seshadri",4,999658,"Low spender"
683,"Yakshit Maharaj",4,998622,"Low spender"
1005,"Lakshit Bumb",3,997534,"Low spender"
1847,"Sumer Koshy",3,996112,"Low spender"
1177,"Ehsaan Dutta",3,995070,"Low spender"
1878,"Vivaan Ganesan",4,994880,"Low spender"
681,"Vivaan Gandhi",3,994290,"Low spender"
1500,"Mannat Sarraf",3,993444,"Low spender"
221,"Hiran Sunder",2,993028,"Low spender"
1088,"Bhamini Aurora",4,990638,"Low spender"
349,"Alisha Dayal",2,990450,"Low spender"
255,"Pari Sundaram",3,989542,"Low spender"
1776,"Miraan Kant",2,989454,"Low spender"
554,"Nishith Sethi",3,989226,"Low spender"
357,"Faiyaz Hayer",5,988902,"Low spender"
780,"Sumer Raju",3,987840,"Low spender"
1870,"Aarna Dewan",3,987162,"Low spender"
612,"Adira Dara",2,986630,"Low spender"
302,"Sumer Chaudhary",3,985702,"Low spender"
482,"Shamik Setty",4,985228,"Low spender"
1533,"Nirvi Chandra",1,983164,"Low spender"
1396,"Samar Mammen",4,983062,"Low spender"
1964,"Dhanuk Dash",5,982234,"Low spender"
1835,"Samaira Loke",3,979704,"Low spender"
1819,"Zara Malhotra",4,979368,"Low spender"
501,"Suhana Wable",4,978962,"Low spender"
919,"Reyansh Badami",3,978802,"Low spender"
434,"Shayak Srinivasan",3,976744,"Low spender"
1117,"Madhup Loyal",3,976070,"Low spender"
1075,"Shayak Sem",4,975672,"Low spender"
1288,"Suhana Gaba",3,975328,"Low spender"
643,"Baiju Raval",4,974708,"Low spender"
1720,"Sahil Bhargava",3,973404,"Low spender"
581,"Nishith Comar",2,973208,"Low spender"
453,"Badal Dua",3,972504,"Low spender"
1309,"Hridaan Saraf",4,971028,"Low spender"
1266,"Prerak Salvi",2,970306,"Low spender"
380,"Tarini Balasubramanian",3,969582,"Low spender"
680,"Badal Khanna",2,969168,"Low spender"
1540,"Mahika Virk",3,969150,"Low spender"
1992,"Lagan Gill",4,968446,"Low spender"
444,"Vidur Ramesh",4,966834,"Low spender"
454,"Riaan Chada",3,966740,"Low spender"
327,"Suhana Sen",2,966494,"Low spender"
104,"Oorja Tak",2,965680,"Low spender"
1095,"Taimur Raju",3,964936,"Low spender"
1652,"Adah Vasa",2,964720,"Low spender"
1467,"Kaira Butala",2,964668,"Low spender"
292,"Arnav Subramanian",3,963308,"Low spender"
701,"Aaina Joshi",3,960898,"Low spender"
449,"Sahil Tandon",4,960616,"Low spender"
1380,"Damini Sura",2,959292,"Low spender"
15,"Kanav Varghese",4,958874,"Low spender"
308,"Anay Dara",2,956922,"Low spender"
926,"Heer Shroff",4,953932,"Low spender"
589,"Mahika Sastry",2,953512,"Low spender"
1644,"Zara Sahni",3,953072,"Low spender"
1029,"Ojas Chaudry",3,952602,"Low spender"
1351,"Charvi Reddy",2,950692,"Low spender"
1859,"Darshit Swaminathan",4,949864,"Low spender"
1158,"Aradhya Shah",3,949388,"Low spender"
754,"Prerak Atwal",3,948282,"Low spender"
1128,"Indranil Srivastava",5,947724,"Low spender"
1843,"Jhanvi Chowdhury",3,947344,"Low spender"
1854,"Emir Buch",3,945896,"Low spender"
1707,"Madhav Kohli",5,944576,"Low spender"
568,"Riya Acharya",4,944142,"Low spender"
240,"Siya Swaminathan",3,944110,"Low spender"
580,"Azad Buch",5,943934,"Low spender"
17,"Jiya Lala",3,943862,"Low spender"
779,"Gatik Brar",2,943544,"Low spender"
746,"Pranay Bedi",4,942948,"Low spender"
1026,"Ivan Gandhi",3,942900,"Low spender"
1278,"Dhanuk Kata",2,942450,"Low spender"
1550,"Amira Sant",2,941592,"Low spender"
1849,"Saira Upadhyay",5,941072,"Low spender"
809,"Jayesh Kala",3,941006,"Low spender"
510,"Anika Wable",3,940860,"Low spender"
970,"Riya Kalla",3,940350,"Low spender"
65,"Anahi Uppal",3,938746,"Low spender"
955,"Raghav Chaudry",1,937296,"Low spender"
1960,"Aarush Dugar",4,937214,"Low spender"
1977,"Hrishita Chana",3,935576,"Low spender"
335,"Eshani Talwar",4,935370,"Low spender"
748,"Kavya Basu",2,932904,"Low spender"
235,"Divij Agarwal",4,930770,"Low spender"
1599,"Vaibhav Khare",2,928980,"Low spender"
1808,"Vedika Sood",4,928880,"Low spender"
176,"Kiara Gandhi",2,925858,"Low spender"
1119,"Hrishita Dave",4,925694,"Low spender"
776,"Seher Sami",2,925482,"Low spender"
1079,"Mahika Tank",5,922894,"Low spender"
1152,"Devansh Contractor",1,922584,"Low spender"
1411,"Damini Bhagat",4,920772,"Low spender"
1476,"Elakshi Subramanian",4,919090,"Low spender"
951,"Mahika Kale",4,917308,"Low spender"
1223,"Nehmat Gala",3,915094,"Low spender"
710,"Tushar Bal",2,913910,"Low spender"
1523,"Madhav Randhawa",4,913474,"Low spender"
1774,"Adira Borah",3,912134,"Low spender"
225,"Suhana Mammen",3,912094,"Low spender"
1364,"Badal Majumdar",3,911568,"Low spender"
1464,"Raunak Mangal",2,910190,"Low spender"
4,"Ela Setty",2,908938,"Low spender"
1091,"Vedika Ramesh",2,908380,"Low spender"
848,"Kavya Sahni",1,908096,"Low spender"
307,"Adira Lalla",1,908030,"Low spender"
957,"Umang Rao",3,907984,"Low spender"
744,"Rohan Kapur",3,907978,"Low spender"
953,"Nayantara Wason",3,904670,"Low spender"
1212,"Nehmat Kannan",1,902850,"Low spender"
1301,"Trisha Khalsa",2,896956,"Low spender"
505,"Samiha Chaudhry",4,895550,"Low spender"
1098,"Anahita Shetty",2,895216,"Low spender"
679,"Darshit Borah",2,894730,"Low spender"
1497,"Himmat Vig",3,891852,"Low spender"
24,"Rasha Sekhon",3,890776,"Low spender"
100,"Shamik Ramaswamy",3,889162,"Low spender"
149,"Charvi Khosla",3,885068,"Low spender"
728,"Arnav Dar",4,883414,"Low spender"
604,"Madhav Yogi",2,883412,"Low spender"
1522,"Ayesha Talwar",2,882540,"Low spender"
1084,"Ritvik Ganesan",2,882196,"Low spender"
111,"Ryan Raj",3,876420,"Low spender"
1038,"Tejas Butala",5,875360,"Low spender"
1182,"Mishti Jha",3,873088,"Low spender"
232,"Ishita Sule",4,871922,"Low spender"
1665,"Sana Dyal",3,871872,"Low spender"
634,"Ehsaan Hegde",2,871336,"Low spender"
1291,"Rati Bose",2,869056,"Low spender"
1488,"Armaan Sagar",2,868294,"Low spender"
1520,"Mehul Devi",2,867998,"Low spender"
2000,"Manikya Saxena",3,865956,"Low spender"
896,"Khushi Goel",3,865316,"Low spender"
1115,"Anahita Raj",2,865012,"Low spender"
1246,"Yuvraj  Sagar",1,864730,"Low spender"
1179,"Seher Date",3,864548,"Low spender"
617,"Oorja Sood",2,863594,"Low spender"
862,"Shray Chahal",4,863212,"Low spender"
704,"Ranbir Devan",2,862132,"Low spender"
1820,"Gokul Saxena",3,861434,"Low spender"
1978,"Manjari Lal",3,861330,"Low spender"
635,"Ranbir Tata",1,861276,"Low spender"
1517,"Alia Swamy",3,860130,"Low spender"
57,"Yuvaan Kumar",2,858076,"Low spender"
1215,"Rohan Dass",2,857576,"Low spender"
608,"Arnav Mannan",2,853698,"Low spender"
1680,"Ahana  Doshi",4,852588,"Low spender"
869,"Anahi Mani",3,848540,"Low spender"
674,"Himmat Balay",2,848422,"Low spender"
1069,"Renee Manne",3,848392,"Low spender"
1780,"Ira Shah",3,847698,"Low spender"
210,"Yuvraj  Chandran",4,847544,"Low spender"
1078,"Indranil Dar",3,846830,"Low spender"
238,"Sana Chakraborty",4,846008,"Low spender"
366,"Ryan Agate",1,845708,"Low spender"
1051,"Arhaan Badal",2,843410,"Low spender"
1360,"Mehul Salvi",3,842500,"Low spender"
1917,"Vanya Bhatti",2,842384,"Low spender"
1966,"Kimaya Reddy",4,841996,"Low spender"
1705,"Ayesha Dave",3,841784,"Low spender"
344,"Samarth Anne",3,840418,"Low spender"
26,"Shamik Sastry",3,840286,"Low spender"
1760,"Mehul Sidhu",3,839432,"Low spender"
1241,"Bhavin Jain",2,836794,"Low spender"
1607,"Aayush Sachdev",2,834826,"Low spender"
1221,"Shlok Atwal",4,834440,"Low spender"
595,"Aarna Sangha",2,832084,"Low spender"
465,"Akarsh Bhavsar",2,830156,"Low spender"
1059,"Sahil Chowdhury",3,829464,"Low spender"
1933,"Navya Bala",2,828494,"Low spender"
503,"Anahita Shroff",5,827766,"Low spender"
1447,"Tejas Yohannan",2,827048,"Low spender"
738,"Sumer Bora",3,826806,"Low spender"
1190,"Adah Sunder",5,825958,"Low spender"
1654,"Diya Bava",2,825362,"Low spender"
1814,"Shlok Raval",2,824962,"Low spender"
1639,"Nehmat Bose",4,823250,"Low spender"
1625,"Faiyaz Ramesh",3,823124,"Low spender"
1198,"Aayush Varkey",2,821378,"Low spender"
373,"Rati Saran",5,821200,"Low spender"
1331,"Adah Dasgupta",2,820988,"Low spender"
1744,"Biju Guha",2,820564,"Low spender"
1762,"Samarth Gala",5,820434,"Low spender"
692,"Umang Sridhar",2,819816,"Low spender"
528,"Divyansh Kala",3,817920,"Low spender"
1591,"Urvi Bahri",4,817078,"Low spender"
1466,"Prisha Butala",2,816440,"Low spender"
987,"Seher Jani",2,814738,"Low spender"
1869,"Taimur Gole",5,812744,"Low spender"
1512,"Farhan Das",2,812642,"Low spender"
84,"Vanya Tailor",3,810716,"Low spender"
1083,"Kashvi Bali",3,808580,"Low spender"
1703,"Kashvi Yogi",5,808498,"Low spender"
1957,"Onkar Lall",4,808356,"Low spender"
1397,"Hansh Bhakta",3,807398,"Low spender"
405,"Dhruv Sabharwal",2,806944,"Low spender"
140,"Mohanlal Baral",2,806890,"Low spender"
130,"Nakul Ratti",3,806426,"Low spender"
281,"Dharmajan Kumer",3,804414,"Low spender"
312,"Riya Borah",2,802184,"Low spender"
1403,"Eva Chandra",3,800184,"Low spender"
45,"Uthkarsh Salvi",2,799036,"Low spender"
1766,"Zaina Gour",3,798932,"Low spender"
1209,"Siya Chana",2,798594,"Low spender"
1421,"Kabir Sachdev",3,798234,"Low spender"
786,"Vritika Singh",3,797892,"Low spender"
721,"Ehsaan Ganguly",3,797838,"Low spender"
524,"Farhan Zachariah",3,797512,"Low spender"
1755,"Dhanuk Ganesan",4,795918,"Low spender"
573,"Pranay Ramanathan",2,795900,"Low spender"
1073,"Arhaan Banerjee",3,795884,"Low spender"
20,"Siya Dâ€™Alia",3,794282,"Low spender"
117,"Kaira Sachar",2,792240,"Low spender"
491,"Shlok Kota",2,791626,"Low spender"
377,"Lakshay Khanna",3,791198,"Low spender"
1434,"Piya Kapur",3,789098,"Low spender"
739,"Heer Tak",3,786872,"Low spender"
1187,"Mamooty Virk",3,785052,"Low spender"
999,"Anya Salvi",5,784464,"Low spender"
10,"Saksham Ravel",2,784232,"Low spender"
633,"Romil Dara",2,782612,"Low spender"
1495,"Anvi Sarkar",4,782468,"Low spender"
1454,"Shray Gopal",1,781292,"Low spender"
621,"Lakshit Chanda",3,780952,"Low spender"
275,"Samiha Dhillon",1,780450,"Low spender"
1007,"Pari Gala",1,779958,"Low spender"
1577,"Sana Dua",2,779628,"Low spender"
1877,"Anika Iyengar",2,779352,"Low spender"
844,"Vanya Deol",3,779064,"Low spender"
282,"Jayan Soman",4,778662,"Low spender"
1214,"Himmat Dalal",2,777942,"Low spender"
284,"Devansh Dar",2,772928,"Low spender"
1276,"Romil Ramakrishnan",3,772672,"Low spender"
829,"Kismat Korpal",4,772110,"Low spender"
605,"Ira Bhandari",3,768872,"Low spender"
1573,"Abram Madan",1,768200,"Low spender"
1885,"Dhruv Jain",3,768168,"Low spender"
1561,"Dharmajan Mallick",2,766528,"Low spender"
1616,"Adah Dugar",4,765966,"Low spender"
1225,"Eshani Sehgal",3,764822,"Low spender"
1251,"Indrajit Gara",2,761938,"Low spender"
1935,"Yasmin Chhabra",2,761166,"Low spender"
715,"Yashvi Garg",1,760548,"Low spender"
1506,"Shalv Karan",2,760052,"Low spender"
1211,"Kanav Anand",1,758578,"Low spender"
1693,"Samiha Issac",3,756220,"Low spender"
1379,"Romil Dâ€™Alia",4,755330,"Low spender"
723,"Parinaaz Kade",2,753688,"Low spender"
553,"Ranbir Sahota",2,753092,"Low spender"
660,"Purab Sagar",3,752970,"Low spender"
1727,"Jivika Krishnamurthy",3,752662,"Low spender"
1971,"Eshani Taneja",3,752572,"Low spender"
1232,"Suhana Hora",2,751286,"Low spender"
494,"Sara Mahajan",2,751120,"Low spender"
753,"Prisha Kadakia",3,750194,"Low spender"
1918,"Ranbir Dey",3,746156,"Low spender"
542,"Anaya Aurora",1,745574,"Low spender"
97,"Madhup Sunder",4,744142,"Low spender"
719,"Rasha Barad",3,743182,"Low spender"
1407,"Nishith Kaul",4,740562,"Low spender"
1845,"Tushar Gulati",1,739618,"Low spender"
1060,"Indranil Khalsa",2,739186,"Low spender"
80,"Dharmajan Som",3,736680,"Low spender"
861,"Dharmajan Amble",2,736314,"Low spender"
1107,"Sana Keer",3,735498,"Low spender"
557,"Madhup Bumb",2,735392,"Low spender"
665,"Mamooty Batta",4,734822,"Low spender"
1475,"Anahita Batra",2,731504,"Low spender"
547,"Prerak Magar",3,730156,"Low spender"
1783,"Shaan Magar",4,730014,"Low spender"
158,"Sumer Basu",1,728818,"Low spender"
1021,"Mehul Dash",3,727336,"Low spender"
226,"Dharmajan Sankaran",3,727310,"Low spender"
379,"Aaryahi Divan",1,726950,"Low spender"
1374,"Eshani Saran",3,726734,"Low spender"
414,"Zain Bhattacharyya",2,723614,"Low spender"
368,"Zaina Kibe",2,723300,"Low spender"
1786,"Himmat Warrior",2,722938,"Low spender"
1487,"Madhup Ghosh",3,721866,"Low spender"
1884,"Pari Walla",1,721794,"Low spender"
1120,"Manjari Kumer",3,720460,"Low spender"
1557,"Samar Bal",4,719906,"Low spender"
898,"Misha Gour",2,719862,"Low spender"
912,"Kashvi De",5,719630,"Low spender"
1987,"Nirvaan Varkey",3,718356,"Low spender"
353,"Vaibhav Dara",3,718264,"Low spender"
558,"Fateh Sheth",3,717168,"Low spender"
1603,"Eva Raja",1,717042,"Low spender"
59,"Lakshit Kamdar",1,716958,"Low spender"
1732,"Myra Karpe",2,713816,"Low spender"
1275,"Vedika Deshpande",4,713536,"Low spender"
1787,"Aarush Sem",2,712762,"Low spender"
369,"Pihu Sidhu",3,712158,"Low spender"
1785,"Prisha Choudhry",2,711820,"Low spender"
443,"Madhav Gera",3,710420,"Low spender"
1471,"Ritvik Kamdar",1,709960,"Low spender"
1040,"Prerak Cheema",2,709878,"Low spender"
1888,"Navya Bhandari",2,708926,"Low spender"
1478,"Bhavin Chaudhuri",2,707896,"Low spender"
300,"Ranbir Chacko",3,706024,"Low spender"
1985,"Aaina Gandhi",4,703976,"Low spender"
1534,"Armaan Ramaswamy",1,703960,"Low spender"
1226,"Miraan Mall",3,703690,"Low spender"
989,"Pari Ray",2,702916,"Low spender"
1427,"Rasha Buch",1,702760,"Low spender"
209,"Shamik Rattan",1,702212,"Low spender"
266,"Rati Raju",2,699050,"Low spender"
1795,"Diya Basu",3,696874,"Low spender"
273,"Hunar Sethi",2,696588,"Low spender"
252,"Riaan Bahl",1,693438,"Low spender"
717,"Dhruv Gera",2,692666,"Low spender"
641,"Kimaya Srinivas",1,692220,"Low spender"
1858,"Vanya Devi",2,691502,"Low spender"
1317,"Ishita Rau",2,691304,"Low spender"
1366,"Mohanlal Kala",3,690296,"Low spender"
771,"Stuvan Cheema",3,689578,"Low spender"
197,"Madhup Borra",3,689552,"Low spender"
615,"Darshit Bhasin",2,688972,"Low spender"
1883,"Miraan Bail",2,688240,"Low spender"
523,"Anya Sekhon",2,687676,"Low spender"
1543,"Shalv Koshy",5,686792,"Low spender"
78,"Zeeshan Singh",1,685708,"Low spender"
1337,"Suhana Savant",3,685128,"Low spender"
767,"Divyansh Subramanian",3,684002,"Low spender"
144,"Riya Karan",3,683058,"Low spender"
415,"Azad Lall",3,682190,"Low spender"
770,"Rati Taneja",1,678770,"Low spender"
207,"Vivaan Bumb",2,677100,"Low spender"
217,"Renee Sandal",3,674312,"Low spender"
1382,"Zaina Sabharwal",3,672774,"Low spender"
1907,"Arnav Arya",2,671954,"Low spender"
562,"Nayantara Varghese",2,669476,"Low spender"
1866,"Umang Ahuja",3,669362,"Low spender"
1578,"Anvi Mahajan",3,668338,"Low spender"
1636,"Divit Tripathi",4,666924,"Low spender"
1821,"Rohan Shah",3,666782,"Low spender"
925,"Himmat Ramaswamy",3,665872,"Low spender"
1027,"Yakshit Chaudhry",2,665534,"Low spender"
1064,"Jayan Tailor",2,665292,"Low spender"
644,"Zain Sathe",2,663610,"Low spender"
1798,"Amira Bhatt",3,662826,"Low spender"
1429,"Kaira Sethi",3,661426,"Low spender"
935,"Piya Kaul",1,660688,"Low spender"
1894,"Yuvraj  Mahajan",1,660536,"Low spender"
1277,"Advik Bahl",2,659170,"Low spender"
666,"Renee Biswas",3,658626,"Low spender"
1280,"Uthkarsh Bandi",1,658190,"Low spender"
1754,"Hunar Gandhi",2,658000,"Low spender"
1207,"Drishya Bava",2,657656,"Low spender"
1093,"Samiha Babu",2,656546,"Low spender"
305,"Hazel Krishnamurthy",2,655234,"Low spender"
331,"Nirvi Sha",2,655144,"Low spender"
1165,"Stuvan Trivedi",2,654522,"Low spender"
1919,"Nirvaan Bora",1,652310,"Low spender"
1274,"Seher Gupta",2,651736,"Low spender"
1941,"Ishita Buch",1,650796,"Low spender"
1006,"Shanaya Bose",4,648342,"Low spender"
830,"Akarsh Edwin",3,648258,"Low spender"
539,"Amira Chadha",2,648008,"Low spender"
1739,"Amani Mander",2,646718,"Low spender"
682,"Keya Manne",3,645520,"Low spender"
99,"Advik Krish",2,645132,"Low spender"
1589,"Neysa Mall",3,644190,"Low spender"
1955,"Aayush Bhatia",1,642162,"Low spender"
261,"Myra Bahl",2,642140,"Low spender"
1684,"Shalv Luthra",3,641300,"Low spender"
174,"Yashvi Chadha",1,640994,"Low spender"
1571,"Kiara Chawla",3,639608,"Low spender"
537,"Piya Gaba",1,637546,"Low spender"
664,"Siya Bhatti",2,637178,"Low spender"
306,"Vardaniya Shetty",1,635878,"Low spender"
1980,"Jayant Barad",3,633946,"Low spender"
877,"Emir Cheema",3,633926,"Low spender"
1931,"Ehsaan Kuruvilla",2,633758,"Low spender"
1033,"Zaina Dar",3,633002,"Low spender"
1256,"Samar Wagle",2,630236,"Low spender"
598,"Inaaya  Kalla",3,628830,"Low spender"
1717,"Tanya Thaker",3,626708,"Low spender"
1348,"Chirag Tata",2,626544,"Low spender"
1738,"Saanvi Handa",3,625970,"Low spender"
993,"Adira Yadav",3,623958,"Low spender"
1036,"Anaya Goswami",3,620654,"Low spender"
136,"Adah Dhar",3,620470,"Low spender"
416,"Nayantara Shenoy",2,617680,"Low spender"
267,"Tara Sekhon",1,616890,"Low spender"
1836,"Nirvaan Madan",1,615550,"Low spender"
1815,"Mehul Seshadri",3,612274,"Low spender"
1159,"Dishani Amble",4,612216,"Low spender"
1020,"Yuvraj  Atwal",2,610826,"Low spender"
1037,"Nirvaan Lalla",3,609750,"Low spender"
424,"Farhan Banerjee",2,609670,"Low spender"
752,"Eva Arora",1,608786,"Low spender"
63,"Mamooty Sinha",2,608668,"Low spender"
899,"Stuvan Khatri",2,608518,"Low spender"
1678,"Anahita Chopra",2,608504,"Low spender"
1936,"Aarav Hayre",1,607264,"Low spender"
1827,"Eva Bhatt",3,606744,"Low spender"
1394,"Aaryahi Samra",2,606704,"Low spender"
651,"Arnav Bhat",2,605416,"Low spender"
193,"Hridaan Krishnamurthy",1,603682,"Low spender"
160,"Lakshit Dhillon",2,599638,"Low spender"
448,"Zoya Rao",1,598672,"Low spender"
246,"Saanvi Sarkar",3,598490,"Low spender"
1415,"Madhav Dayal",1,598394,"Low spender"
552,"Prisha Sawhney",2,597494,"Low spender"
1627,"Faiyaz Dhaliwal",2,592646,"Low spender"
650,"Shalv Yadav",2,591820,"Low spender"
459,"Dhanuk Ahuja",3,591378,"Low spender"
794,"Saanvi Bhargava",2,591004,"Low spender"
239,"Shalv Das",2,589138,"Low spender"
1700,"Alia Das",3,588520,"Low spender"
388,"Kiara Sinha",4,588078,"Low spender"
522,"Kabir Aggarwal",2,587676,"Low spender"
921,"Yakshit Rattan",1,587596,"Low spender"
1108,"Neysa Banik",2,586928,"Low spender"
933,"Yuvraj  Badal",2,586870,"Low spender"
1880,"Dhanuk Deo",1,586486,"Low spender"
659,"Krish Jha",2,585266,"Low spender"
1058,"Kabir Khanna",2,584878,"Low spender"
46,"Rasha Guha",1,584622,"Low spender"
1891,"Shamik Venkatesh",1,583282,"Low spender"
807,"Chirag Khalsa",2,582030,"Low spender"
301,"Mahika Hora",2,579680,"Low spender"
1151,"Mamooty Chadha",2,578896,"Low spender"
254,"Faiyaz Shenoy",2,577976,"Low spender"
178,"Arhaan Kalla",3,576756,"Low spender"
702,"Gatik Dewan",3,576508,"Low spender"
820,"Dishani Batta",2,575778,"Low spender"
141,"Manjari Issac",1,575352,"Low spender"
1016,"Ivana Dhar",2,573386,"Low spender"
1666,"Vedika Korpal",5,572768,"Low spender"
1252,"Nitya Manne",1,571716,"Low spender"
450,"Lakshay Bawa",1,570326,"Low spender"
700,"Vardaniya Tara",3,570082,"Low spender"
1586,"Kartik Kaul",3,564834,"Low spender"
13,"Mamooty Raman",2,564386,"Low spender"
143,"Mamooty Raval",3,558316,"Low spender"
1462,"Stuvan Dua",2,558316,"Low spender"
1451,"Shalv Chauhan",3,557930,"Low spender"
401,"Divyansh Bhatt",3,554452,"Low spender"
1400,"Aaina Amble",2,554094,"Low spender"
1655,"Vidur Madan",2,553280,"Low spender"
1217,"Himmat Sood",4,552700,"Low spender"
1865,"Nitya Das",3,552268,"Low spender"
53,"Aarav Samra",4,551788,"Low spender"
1247,"Vihaan Chatterjee",2,551082,"Low spender"
530,"Prisha Kothari",2,549588,"Low spender"
1695,"Arhaan Barman",3,549402,"Low spender"
1406,"Yuvraj  Bahri",2,549360,"Low spender"
559,"Ryan Trivedi",2,548544,"Low spender"
326,"Romil Dyal",4,547964,"Low spender"
1617,"Jayesh Vasa",1,546948,"Low spender"
798,"Aarna Karnik",3,546504,"Low spender"
1112,"Eshani Dara",1,546006,"Low spender"
889,"Jivin Anand",3,544976,"Low spender"
1913,"Dharmajan Tiwari",4,544274,"Low spender"
1296,"Vedika Goyal",3,544058,"Low spender"
11,"Ivan Anand",2,543448,"Low spender"
1045,"Myra Ratti",2,543442,"Low spender"
1436,"Yuvaan Chokshi",1,542166,"Low spender"
1742,"Raunak Dalal",2,542092,"Low spender"
1121,"Mannat Loyal",2,541134,"Low spender"
228,"Aaina Wason",2,538334,"Low spender"
1465,"Aradhya Kari",3,536928,"Low spender"
1496,"Ayesha Lad",1,536870,"Low spender"
1558,"Veer Dey",2,534430,"Low spender"
440,"Zeeshan Chanda",3,530710,"Low spender"
1778,"Jhanvi Ray",2,530706,"Low spender"
1492,"Darshit Lanka",3,529028,"Low spender"
172,"Gatik Sabharwal",2,528214,"Low spender"
1104,"Mohanlal Sood",2,523954,"Low spender"
1594,"Chirag Ram",2,523722,"Low spender"
1973,"Faiyaz Salvi",2,521508,"Low spender"
2,"Indranil Vohra",2,521450,"Low spender"
451,"Himmat Sule",2,520868,"Low spender"
1932,"Aayush Mani",2,518066,"Low spender"
167,"Elakshi Khurana",2,517458,"Low spender"
309,"Renee Ganguly",3,515440,"Low spender"
398,"Fateh Suresh",1,513254,"Low spender"
1823,"Ryan Bava",3,513068,"Low spender"
1802,"Ivan Samra",3,510738,"Low spender"
1615,"Akarsh Chaudhuri",1,509734,"Low spender"
625,"Advika Chawla",1,509492,"Low spender"
457,"Neysa Divan",1,509162,"Low spender"
455,"Samarth Sarraf",2,506788,"Low spender"
1749,"Kiaan Chawla",2,503244,"Low spender"
1334,"Anaya Raj",2,501498,"Low spender"
698,"Ryan Gole",1,501218,"Low spender"
1501,"Aaina Manne",2,499972,"Low spender"
456,"Indrajit Bajaj",2,499790,"Low spender"
423,"Ivan Goel",2,494922,"Low spender"
607,"Prerak Sarkar",1,493504,"Low spender"
1873,"Akarsh Toor",2,492212,"Low spender"
298,"Samaira Roy",1,490388,"Low spender"
337,"Shayak Chowdhury",2,490154,"Low spender"
1063,"Pari Iyer",4,490050,"Low spender"
545,"Ehsaan Dey",2,488698,"Low spender"
718,"Mannat Kohli",2,486920,"Low spender"
223,"Lakshay Varughese",2,485454,"Low spender"
1358,"Lavanya Raval",1,484678,"Low spender"
1715,"Jhanvi Lanka",2,482080,"Low spender"
1757,"Divyansh Sankar",1,481438,"Low spender"
1043,"Arnav Kala",2,479460,"Low spender"
385,"Gatik Kumer",2,478018,"Low spender"
1153,"Rohan Dugar",1,475592,"Low spender"
1963,"Elakshi Ramaswamy",1,472360,"Low spender"
1149,"Jiya Johal",2,471046,"Low spender"
901,"Aarna Ganguly",1,470112,"Low spender"
173,"Ayesha Dua",2,469516,"Low spender"
1173,"Hansh Baria",1,466068,"Low spender"
1174,"Nakul Ramesh",2,465650,"Low spender"
1463,"Inaaya  Gara",2,464948,"Low spender"
1983,"Vidur Bhatt",3,463820,"Low spender"
30,"Eva Barad",1,462922,"Low spender"
1130,"Hunar Savant",1,462836,"Low spender"
201,"Shlok Dani",2,461948,"Low spender"
1143,"Amani Sarkar",2,461516,"Low spender"
880,"Divyansh Chawla",1,459600,"Low spender"
1538,"Hunar Kapur",2,459322,"Low spender"
1028,"Alia Kapoor",1,455984,"Low spender"
1995,"Samar Halder",1,454716,"Low spender"
1048,"Vardaniya Deep",2,454396,"Low spender"
1137,"Advik Sundaram",1,451302,"Low spender"
1422,"Baiju Chawla",2,445248,"Low spender"
1840,"Dharmajan Bakshi",1,445214,"Low spender"
1053,"Keya Saini",3,444668,"Low spender"
511,"Charvi Sawhney",2,444548,"Low spender"
293,"Khushi Chaudhry",3,443464,"Low spender"
290,"Vedika Vaidya",1,442478,"Low spender"
1807,"Navya Basu",2,442336,"Low spender"
1679,"Raunak Chakrabarti",1,440284,"Low spender"
1273,"Jayan Balay",3,440222,"Low spender"
968,"Kabir Balan",2,439622,"Low spender"
1874,"Nitara Tak",2,436888,"Low spender"
1328,"Jayesh Yadav",3,434778,"Low spender"
70,"Shray Bail",2,431484,"Low spender"
1623,"Misha Viswanathan",2,431470,"Low spender"
1175,"Aarna Kannan",1,427984,"Low spender"
1711,"Anay Sarma",2,427590,"Low spender"
1012,"Zain Ramaswamy",2,427426,"Low spender"
352,"Ivan Bir",1,426004,"Low spender"
82,"Indrajit Sandal",2,424748,"Low spender"
678,"Anika Bhattacharyya",2,424298,"Low spender"
1668,"Zoya Luthra",3,424108,"Low spender"
781,"Vidur Johal",2,423758,"Low spender"
320,"Dhanuk Dugar",2,422036,"Low spender"
265,"Fateh Manda",1,419914,"Low spender"
1803,"Alia Vala",1,415912,"Low spender"
696,"Shray Sarma",1,414224,"Low spender"
512,"Reyansh Date",3,412838,"Low spender"
492,"Vardaniya Kanda",2,410974,"Low spender"
959,"Advik Deshpande",3,409720,"Low spender"
230,"Emir Bhargava",1,407980,"Low spender"
1110,"Kaira Dass",1,407776,"Low spender"
1697,"Navya Gupta",2,406008,"Low spender"
1419,"Zain Chokshi",2,405856,"Low spender"
214,"Farhan Joshi",2,405102,"Low spender"
1050,"Badal Dugal",2,404284,"Low spender"
412,"Zeeshan Sinha",2,402528,"Low spender"
821,"Saanvi Kata",3,401102,"Low spender"
294,"Hunar Gulati",1,400488,"Low spender"
1287,"Vanya Karnik",2,397650,"Low spender"
1559,"Jivika Sastry",1,397280,"Low spender"
1099,"Farhan Buch",1,397110,"Low spender"
688,"Miraya Konda",2,397032,"Low spender"
1461,"Taimur Goda",2,395762,"Low spender"
1346,"Zara Dani",2,394174,"Low spender"
1336,"Kaira Kapadia",3,392824,"Low spender"
783,"Eshani Dada",1,391068,"Low spender"
1290,"Akarsh Swamy",3,387380,"Low spender"
585,"Yakshit Bora",1,386144,"Low spender"
378,"Akarsh Chaudhary",1,381778,"Low spender"
628,"Indranil Saraf",2,381112,"Low spender"
1656,"Indrans Kalla",2,380732,"Low spender"
418,"Diya Gole",1,380516,"Low spender"
291,"Vanya Borah",2,380260,"Low spender"
460,"Madhup Lala",2,378372,"Low spender"
1696,"Samaira Bedi",2,376312,"Low spender"
1673,"Vedika Sengupta",3,374988,"Low spender"
129,"Himmat Datta",1,373752,"Low spender"
986,"Charvi Gara",1,372542,"Low spender"
1150,"Anaya Bali",2,372538,"Low spender"
329,"Piya Gupta",1,371742,"Low spender"
1585,"Indrajit Mane",2,371480,"Low spender"
792,"Tanya Dass",2,371348,"Low spender"
1733,"Tushar Bose",2,371152,"Low spender"
527,"Nirvi Vyas",2,370990,"Low spender"
1172,"Myra Garg",1,368400,"Low spender"
694,"Dharmajan Grover",1,367962,"Low spender"
428,"Vritika Tripathi",2,367344,"Low spender"
498,"Bhavin Shroff",3,363304,"Low spender"
304,"Kanav Shan",3,361434,"Low spender"
671,"Zaina Varghese",2,361146,"Low spender"
145,"Nishith Upadhyay",3,360270,"Low spender"
1066,"Nishith Sahota",1,357792,"Low spender"
187,"Kavya Dhillon",2,356960,"Low spender"
1129,"Zara Bedi",2,356910,"Low spender"
985,"Parinaaz Saha",2,355162,"Low spender"
555,"Hiran Kamdar",2,354318,"Low spender"
1662,"Anay Ramachandran",1,349940,"Low spender"
1001,"Siya Kalla",1,348130,"Low spender"
110,"Pihu Dhingra",3,347932,"Low spender"
1140,"Vivaan Bajaj",1,346612,"Low spender"
909,"Trisha Bera",1,345128,"Low spender"
181,"Jayan Ray",1,343782,"Low spender"
1208,"Kimaya Kara",2,343356,"Low spender"
1081,"Urvi Sanghvi",3,342990,"Low spender"
619,"Nehmat Badami",3,340780,"Low spender"
146,"Alisha Dani",2,339848,"Low spender"
769,"Jivin Buch",1,338478,"Low spender"
73,"Vaibhav Dugar",2,338272,"Low spender"
243,"Miraan Vig",2,337584,"Low spender"
1122,"Jhanvi Gala",2,336866,"Low spender"
6,"Lakshit Ranganathan",3,336756,"Low spender"
486,"Pihu Varughese",1,334882,"Low spender"
272,"Diya Ramaswamy",1,334668,"Low spender"
22,"Yasmin Ganesan",3,333894,"Low spender"
948,"Miraya Biswas",1,330800,"Low spender"
258,"Kaira Sen",2,330160,"Low spender"
502,"Purab Comar",2,329790,"Low spender"
1748,"Inaaya  Kuruvilla",2,328970,"Low spender"
606,"Tejas Khanna",2,327116,"Low spender"
518,"Damini Kale",1,326268,"Low spender"
1319,"Shayak Dhar",2,323902,"Low spender"
1574,"Zoya Raja",1,323672,"Low spender"
1200,"Zaina Bansal",2,323428,"Low spender"
1325,"Siya Guha",1,318252,"Low spender"
393,"Mehul Keer",1,317040,"Low spender"
1416,"Jhanvi Gulati",1,315414,"Low spender"
125,"Indrajit Badal",1,310936,"Low spender"
231,"Mamooty Magar",2,310824,"Low spender"
1508,"Ahana  Batra",1,307830,"Low spender"
317,"Aarush Rau",2,305538,"Low spender"
940,"Tarini Garg",3,304004,"Low spender"
705,"Indrans Mammen",3,303092,"Low spender"
411,"Aarush Sarkar",1,302422,"Low spender"
474,"Amani Bumb",1,301174,"Low spender"
1114,"Hunar Keer",2,299350,"Low spender"
39,"Eva Kunda",3,298856,"Low spender"
1526,"Hiran Bora",1,298818,"Low spender"
667,"Kashvi Gala",1,296942,"Low spender"
1408,"Oorja Venkataraman",1,292674,"Low spender"
737,"Romil Saraf",2,290088,"Low spender"
108,"Hunar Bansal",2,287600,"Low spender"
52,"Madhup Halder",1,286582,"Low spender"
735,"Ahana  Mahajan",1,285188,"Low spender"
1113,"Amani Ramesh",2,285120,"Low spender"
1092,"Onkar Bhattacharyya",1,283920,"Low spender"
990,"Shray Jain",2,280898,"Low spender"
647,"Zeeshan Sethi",2,279924,"Low spender"
286,"Hridaan Yohannan",1,276170,"Low spender"
1353,"Hazel Mangat",1,275400,"Low spender"
620,"Khushi Apte",2,273906,"Low spender"
854,"Myra Ramanathan",1,273590,"Low spender"
234,"Aarav Singhal",1,273556,"Low spender"
1124,"Vidur Sibal",2,272590,"Low spender"
808,"Navya Dash",1,271244,"Low spender"
784,"Arnav Majumdar",2,270632,"Low spender"
1330,"Hiran Saraf",1,268262,"Low spender"
116,"Jivin Chand",2,268178,"Low spender"
1576,"Heer Tella",2,268118,"Low spender"
180,"Ahana  Chawla",2,265770,"Low spender"
303,"Divij Sethi",3,265330,"Low spender"
36,"Hunar Mammen",2,260846,"Low spender"
1039,"Ahana  Basak",2,260192,"Low spender"
750,"Anahi Gala",3,255866,"Low spender"
1911,"Charvi Vora",1,255828,"Low spender"
9,"Darshit Kant",2,255696,"Low spender"
1934,"Yasmin Vig",1,253298,"Low spender"
992,"Hazel Aggarwal",1,252642,"Low spender"
978,"Sana Cheema",2,249414,"Low spender"
1376,"Shlok Krishnan",1,248100,"Low spender"
473,"Heer Kara",2,247506,"Low spender"
241,"Zara Sodhi",1,246772,"Low spender"
1011,"Eva Srinivasan",3,245382,"Low spender"
956,"Kismat Chakrabarti",1,244732,"Low spender"
788,"Kimaya Subramaniam",2,244404,"Low spender"
958,"Vritika Viswanathan",4,244342,"Low spender"
134,"Aarush Comar",1,243552,"Low spender"
313,"Gokul Tak",1,242644,"Low spender"
1373,"Pari Bahri",1,240140,"Low spender"
1054,"Mishti Ahluwalia",1,233164,"Low spender"
839,"Siya Sagar",2,229110,"Low spender"
613,"Sara Maharaj",2,225792,"Low spender"
1258,"Abram Chad",2,225568,"Low spender"
347,"Dharmajan Kumer",3,225278,"Low spender"
1813,"Aarna Bawa",1,223920,"Low spender"
288,"Ryan Saxena",1,222380,"Low spender"
1810,"Seher Ravel",1,220612,"Low spender"
23,"Adah Swamy",2,216422,"Low spender"
800,"Aayush Agrawal",3,216100,"Low spender"
567,"Raghav Magar",1,213940,"Low spender"
911,"Biju Gala",1,211532,"Low spender"
1233,"Ojas Balasubramanian",2,208266,"Low spender"
166,"Chirag Bala",2,206476,"Low spender"
384,"Aayush Sur",2,204810,"Low spender"
1796,"Tushar Shukla",1,203420,"Low spender"
1900,"Abram Seth",1,199432,"Low spender"
827,"Miraan Lad",2,195616,"Low spender"
1022,"Kavya Dewan",1,193248,"Low spender"
1332,"Vedika Jayaraman",1,192716,"Low spender"
371,"Aaryahi Kari",1,190284,"Low spender"
410,"Vedika Lanka",1,189472,"Low spender"
1708,"Miraya Khurana",1,187816,"Low spender"
1438,"Kabir Bose",1,187776,"Low spender"
128,"Rati Kamdar",1,187520,"Low spender"
1781,"Abram Butala",1,186828,"Low spender"
1604,"Inaaya  Jayaraman",2,184890,"Low spender"
341,"Zeeshan Bera",1,178192,"Low spender"
79,"Manikya Kashyap",1,173630,"Low spender"
1018,"Samiha Dani",1,171620,"Low spender"
1452,"Nirvaan Gola",1,171084,"Low spender"
1876,"Indranil Khanna",2,164462,"Low spender"
1564,"Madhav Chauhan",1,161176,"Low spender"
263,"Zara Sabharwal",3,159882,"Low spender"
12,"Anvi Bhatia",1,156802,"Low spender"
163,"Navya Yohannan",2,156064,"Low spender"
1855,"Arnav Badal",1,154462,"Low spender"
1350,"Anika Sahota",1,153010,"Low spender"
1790,"Hunar Balay",1,150370,"Low spender"
597,"Ivan Sarin",1,146918,"Low spender"
1185,"Siya Dass",1,141300,"Low spender"
1192,"Zaina Srinivasan",1,137700,"Low spender"
1125,"Jayesh Rana",1,134988,"Low spender"
1388,"Nakul Kala",1,134812,"Low spender"
1205,"Ayesha Comar",3,134628,"Low spender"
870,"Neelofar Magar",2,133750,"Low spender"
334,"Samaira Deo",1,130808,"Low spender"
777,"Romil Thakkar",1,129016,"Low spender"
649,"Nehmat Badami",1,127218,"Low spender"
1230,"Amira Sachdev",1,124232,"Low spender"
392,"Inaaya  Chauhan",1,123696,"Low spender"
1490,"Ishaan Gupta",2,121432,"Low spender"
488,"Lakshit Thaker",2,117630,"Low spender"
596,"Damini Magar",2,116686,"Low spender"
1146,"Prisha Batta",1,112540,"Low spender"
66,"Aarna Sethi",1,112464,"Low spender"
351,"Adah Dalal",3,107560,"Low spender"
918,"Navya Dalal",1,106530,"Low spender"
521,"Rania Jayaraman",1,102924,"Low spender"
871,"Charvi Thakkar",1,101476,"Low spender"
653,"Jivika Chauhan",1,90218,"Low spender"
1568,"Ira Rastogi",1,88726,"Low spender"
772,"Tarini Bhagat",1,87486,"Low spender"
102,"Umang Singh",1,82648,"Low spender"
1996,"Lakshit Saraf",1,80548,"Low spender"
564,"Indranil Bhagat",1,80192,"Low spender"
244,"Nirvi Sekhon",1,76714,"Low spender"
624,"Dharmajan Sami",1,74772,"Low spender"
485,"Samaira Ghosh",1,70168,"Low spender"
1626,"Jayant Yogi",1,68746,"Low spender"
756,"Raghav Khurana",1,65566,"Low spender"
663,"Hansh Swaminathan",1,62896,"Low spender"
55,"Pihu Shukla",1,61600,"Low spender"
395,"Uthkarsh Sehgal",1,60878,"Low spender"
479,"Manjari Rajan",1,58056,"Low spender"
1771,"Khushi Ben",1,56720,"Low spender"
1390,"Navya Dubey",2,56492,"Low spender"
74,"Riaan Deshpande",1,51472,"Low spender"
472,"Mishti Mangat",1,47704,"Low spender"
1728,"Siya Gour",1,41748,"Low spender"
170,"Piya Cherian",1,32608,"Low spender"
1537,"Vardaniya Tandon",1,32484,"Low spender"
1097,"Zara Mallick",1,30822,"Low spender"
1943,"Kiara Kalita",1,28380,"Low spender"
764,"Sumer Sarin",1,27554,"Low spender"
751,"Charvi Bumb",1,23204,"Low spender"
709,"Prerak Kara",1,20100,"Low spender"
690,"Ivan Bhagat",1,14552,"Low spender"
1601,"Aradhya Sankar",1,11192,"Low spender"
1593,"Sara Ravel",1,8320,"Low spender"
1281,"Saira Guha",1,4398,"Low spender"
1800,"Akarsh Savant",1,2538,"Low spender"
98,"Hiran Dhaliwal",1,1062,"Low spender"
